filename,date,corrected_flux,chlorophyll_mean
AQUA_MODIS.20220601.L3m.DAY.CHL.chlor_a.4km.nc,2022-06-01,6378,0.2970226337989147
AQUA_MODIS.20220602.L3m.DAY.CHL.chlor_a.4km.nc,2022-06-02,6404,0.7090857541720459
AQUA_MODIS.20220603.L3m.DAY.CHL.chlor_a.4km.nc,2022-06-03,6421,0.3775833522886338
AQUA_MODIS.20220604.L3m.DAY.CHL.chlor_a.4km.nc,2022-06-04,6424,0.40575655705943137
AQUA_MODIS.20220605.L3m.DAY.CHL.chlor_a.4km.nc,2022-06-05,6459,0.36598634719848633
AQUA_MODIS.20220606.L3m.DAY.CHL.chlor_a.4km.nc,2022-06-06,6435,0.3958970790068561
AQUA_MODIS.20220607.L3m.DAY.CHL.chlor_a.4km.nc,2022-06-07,6420,0.640430777097129
AQUA_MODIS.20220608.L3m.DAY.CHL.chlor_a.4km.nc,2022-06-08,6475,0.45714965922414563
AQUA_MODIS.20220609.L3m.DAY.CHL.chlor_a.4km.nc,2022-06-09,6517,0.536144893532749
AQUA_MODIS.20220610.L3m.DAY.CHL.chlor_a.4km.nc,2022-06-10,6572,0.5809212789316948
AQUA_MODIS.20220611.L3m.DAY.CHL.chlor_a.4km.nc,2022-06-11,6536,0.5843943151365837
AQUA_MODIS.20220612.L3m.DAY.CHL.chlor_a.4km.nc,2022-06-12,6517,0.9238462519824953
AQUA_MODIS.20220613.L3m.DAY.CHL.chlor_a.4km.nc,2022-06-13,6515,1.435461935735558
AQUA_MODIS.20220614.L3m.DAY.CHL.chlor_a.4km.nc,2022-06-14,6506,1.196456525221342
AQUA_MODIS.20220615.L3m.DAY.CHL.chlor_a.4km.nc,2022-06-15,6392,0.5281434273006053
AQUA_MODIS.20220616.L3m.DAY.CHL.chlor_a.4km.nc,2022-06-16,6305,0.368319121908085
AQUA_MODIS.20220617.L3m.DAY.CHL.chlor_a.4km.nc,2022-06-17,6306,0.550966324006085
AQUA_MODIS.20220618.L3m.DAY.CHL.chlor_a.4km.nc,2022-06-18,6268,1.803334225890457
AQUA_MODIS.20220619.L3m.DAY.CHL.chlor_a.4km.nc,2022-06-19,6261,0.49686999198717946
AQUA_MODIS.20220620.L3m.DAY.CHL.chlor_a.4km.nc,2022-06-20,6291,0.32299827183756624
AQUA_MODIS.20220621.L3m.DAY.CHL.chlor_a.4km.nc,2022-06-21,6363,0.7053156719608927
AQUA_MODIS.20220622.L3m.DAY.CHL.chlor_a.4km.nc,2022-06-22,6389,0.7832601162890491
AQUA_MODIS.20220623.L3m.DAY.CHL.chlor_a.4km.nc,2022-06-23,6396,0.4502086880004792
AQUA_MODIS.20220624.L3m.DAY.CHL.chlor_a.4km.nc,2022-06-24,6391,0.32109008745041473
AQUA_MODIS.20220625.L3m.DAY.CHL.chlor_a.4km.nc,2022-06-25,6397,0.27770451352632447
AQUA_MODIS.20220626.L3m.DAY.CHL.chlor_a.4km.nc,2022-06-26,6339,0.640018003435518
AQUA_MODIS.20220627.L3m.DAY.CHL.chlor_a.4km.nc,2022-06-27,6318,0.864229531155532
AQUA_MODIS.20220628.L3m.DAY.CHL.chlor_a.4km.nc,2022-06-28,6335,1.0566727120535715
AQUA_MODIS.20220629.L3m.DAY.CHL.chlor_a.4km.nc,2022-06-29,6362,0.3906219805156614
AQUA_MODIS.20220630.L3m.DAY.CHL.chlor_a.4km.nc,2022-06-30,6378,1.1358872889433551
AQUA_MODIS.20220701.L3m.DAY.CHL.chlor_a.4km.nc,2022-07-01,6395,0.36632911743648405
AQUA_MODIS.20220702.L3m.DAY.CHL.chlor_a.4km.nc,2022-07-02,6406,0.23759573414839433
AQUA_MODIS.20220703.L3m.DAY.CHL.chlor_a.4km.nc,2022-07-03,6399,0.8174992143596569
AQUA_MODIS.20220704.L3m.DAY.CHL.chlor_a.4km.nc,2022-07-04,6451,0.5690828324961129
AQUA_MODIS.20220705.L3m.DAY.CHL.chlor_a.4km.nc,2022-07-05,6487,0.9601686844914596
AQUA_MODIS.20220706.L3m.DAY.CHL.chlor_a.4km.nc,2022-07-06,6526,0.614382955520595
AQUA_MODIS.20220707.L3m.DAY.CHL.chlor_a.4km.nc,2022-07-07,6488,0.3969390869140625
AQUA_MODIS.20220708.L3m.DAY.CHL.chlor_a.4km.nc,2022-07-08,6499,0.448279670364976
AQUA_MODIS.20220709.L3m.DAY.CHL.chlor_a.4km.nc,2022-07-09,6521,0.28146086021662003
AQUA_MODIS.20220710.L3m.DAY.CHL.chlor_a.4km.nc,2022-07-10,6491,0.5283885073213707
AQUA_MODIS.20220711.L3m.DAY.CHL.chlor_a.4km.nc,2022-07-11,6438,0.30955781412141126
AQUA_MODIS.20220712.L3m.DAY.CHL.chlor_a.4km.nc,2022-07-12,6320,0.4914325542974403
AQUA_MODIS.20220713.L3m.DAY.CHL.chlor_a.4km.nc,2022-07-13,6252,0.4245196361204329
AQUA_MODIS.20220714.L3m.DAY.CHL.chlor_a.4km.nc,2022-07-14,6273,1.031833253193158
AQUA_MODIS.20220715.L3m.DAY.CHL.chlor_a.4km.nc,2022-07-15,6304,0.654853519904415
AQUA_MODIS.20220716.L3m.DAY.CHL.chlor_a.4km.nc,2022-07-16,6350,0.46592996255799674
AQUA_MODIS.20220717.L3m.DAY.CHL.chlor_a.4km.nc,2022-07-17,6394,0.3392964477217317
AQUA_MODIS.20220718.L3m.DAY.CHL.chlor_a.4km.nc,2022-07-18,6409,0.3074992194595822
AQUA_MODIS.20220719.L3m.DAY.CHL.chlor_a.4km.nc,2022-07-19,6302,0.40215678238236885
AQUA_MODIS.20220720.L3m.DAY.CHL.chlor_a.4km.nc,2022-07-20,6283,0.683990571753819
AQUA_MODIS.20220721.L3m.DAY.CHL.chlor_a.4km.nc,2022-07-21,6326,0.8514853389764573
AQUA_MODIS.20220722.L3m.DAY.CHL.chlor_a.4km.nc,2022-07-22,6328,0.1860123561489305
AQUA_MODIS.20220723.L3m.DAY.CHL.chlor_a.4km.nc,2022-07-23,6140,0.8410621415240349
AQUA_MODIS.20220724.L3m.DAY.CHL.chlor_a.4km.nc,2022-07-24,6125,0.6413692424639199
AQUA_MODIS.20220725.L3m.DAY.CHL.chlor_a.4km.nc,2022-07-25,6148,0.25251183548540335
AQUA_MODIS.20220726.L3m.DAY.CHL.chlor_a.4km.nc,2022-07-26,6192,0.4472038105304265
AQUA_MODIS.20220727.L3m.DAY.CHL.chlor_a.4km.nc,2022-07-27,6184,0.40103014581191126
AQUA_MODIS.20220728.L3m.DAY.CHL.chlor_a.4km.nc,2022-07-28,6214,0.5717688282699444
AQUA_MODIS.20220729.L3m.DAY.CHL.chlor_a.4km.nc,2022-07-29,6205,0.38877964501452705
AQUA_MODIS.20220730.L3m.DAY.CHL.chlor_a.4km.nc,2022-07-30,6225,0.18356698509154282
AQUA_MODIS.20220731.L3m.DAY.CHL.chlor_a.4km.nc,2022-07-31,6249,0.28452934136204994
AQUA_MODIS.20220801.L3m.DAY.CHL.chlor_a.4km.nc,2022-08-01,6287,0.3296289563714371
AQUA_MODIS.20220802.L3m.DAY.CHL.chlor_a.4km.nc,2022-08-02,6308,0.45477867363402563
AQUA_MODIS.20220803.L3m.DAY.CHL.chlor_a.4km.nc,2022-08-03,6300,0.4305509110012838
AQUA_MODIS.20220804.L3m.DAY.CHL.chlor_a.4km.nc,2022-08-04,6320,0.7852989519146126
AQUA_MODIS.20220805.L3m.DAY.CHL.chlor_a.4km.nc,2022-08-05,6351,0.32293156104095927
AQUA_MODIS.20220806.L3m.DAY.CHL.chlor_a.4km.nc,2022-08-06,6369,0.5520857555505895
AQUA_MODIS.20220807.L3m.DAY.CHL.chlor_a.4km.nc,2022-08-07,6366,0.3890507674048216
AQUA_MODIS.20220808.L3m.DAY.CHL.chlor_a.4km.nc,2022-08-08,6287,0.6245167659572505
AQUA_MODIS.20220809.L3m.DAY.CHL.chlor_a.4km.nc,2022-08-09,6227,0.5473664963856284
AQUA_MODIS.20220810.L3m.DAY.CHL.chlor_a.4km.nc,2022-08-10,6189,0.3106859267363898
AQUA_MODIS.20220811.L3m.DAY.CHL.chlor_a.4km.nc,2022-08-11,6186,0.31555612526554117
AQUA_MODIS.20220812.L3m.DAY.CHL.chlor_a.4km.nc,2022-08-12,6237,0.39573466756875364
AQUA_MODIS.20220813.L3m.DAY.CHL.chlor_a.4km.nc,2022-08-13,6266,0.43609262402727467
AQUA_MODIS.20220814.L3m.DAY.CHL.chlor_a.4km.nc,2022-08-14,6305,0.37568481175701574
AQUA_MODIS.20220815.L3m.DAY.CHL.chlor_a.4km.nc,2022-08-15,6360,0.34760407547954103
AQUA_MODIS.20220816.L3m.DAY.CHL.chlor_a.4km.nc,2022-08-16,6404,0.7426683050144607
AQUA_MODIS.20220817.L3m.DAY.CHL.chlor_a.4km.nc,2022-08-17,6337,0.17655580279770158
AQUA_MODIS.20220818.L3m.DAY.CHL.chlor_a.4km.nc,2022-08-18,6272,0.21248100049874366
AQUA_MODIS.20220819.L3m.DAY.CHL.chlor_a.4km.nc,2022-08-19,6231,0.2616620202282158
AQUA_MODIS.20220820.L3m.DAY.CHL.chlor_a.4km.nc,2022-08-20,6147,0.44283042221730945
AQUA_MODIS.20220821.L3m.DAY.CHL.chlor_a.4km.nc,2022-08-21,6126,0.39046947535499726
AQUA_MODIS.20220822.L3m.DAY.CHL.chlor_a.4km.nc,2022-08-22,6176,0.18250832675902312
AQUA_MODIS.20220823.L3m.DAY.CHL.chlor_a.4km.nc,2022-08-23,6193,0.32512416169830577
AQUA_MODIS.20220824.L3m.DAY.CHL.chlor_a.4km.nc,2022-08-24,6217,0.2726360216450323
AQUA_MODIS.20220825.L3m.DAY.CHL.chlor_a.4km.nc,2022-08-25,6235,0.3404259763551252
AQUA_MODIS.20220826.L3m.DAY.CHL.chlor_a.4km.nc,2022-08-26,6233,0.2746740199497768
AQUA_MODIS.20220827.L3m.DAY.CHL.chlor_a.4km.nc,2022-08-27,6241,0.3641366011654613
AQUA_MODIS.20220828.L3m.DAY.CHL.chlor_a.4km.nc,2022-08-28,6263,0.45805342539440164
AQUA_MODIS.20220829.L3m.DAY.CHL.chlor_a.4km.nc,2022-08-29,6266,0.3062012898173309
AQUA_MODIS.20220830.L3m.DAY.CHL.chlor_a.4km.nc,2022-08-30,6285,0.26771512704307265
AQUA_MODIS.20220831.L3m.DAY.CHL.chlor_a.4km.nc,2022-08-31,6294,0.4328039440358732
AQUA_MODIS.20220901.L3m.DAY.CHL.chlor_a.4km.nc,2022-09-01,6334,0.4306848975695891
AQUA_MODIS.20220902.L3m.DAY.CHL.chlor_a.4km.nc,2022-09-02,6336,0.3486701428707951
AQUA_MODIS.20220903.L3m.DAY.CHL.chlor_a.4km.nc,2022-09-03,6308,0.4139545415521978
AQUA_MODIS.20220904.L3m.DAY.CHL.chlor_a.4km.nc,2022-09-04,6309,0.4271464714637169
AQUA_MODIS.20220905.L3m.DAY.CHL.chlor_a.4km.nc,2022-09-05,6248,0.47744406405158146
AQUA_MODIS.20220906.L3m.DAY.CHL.chlor_a.4km.nc,2022-09-06,6322,0.4679054419199626
AQUA_MODIS.20220907.L3m.DAY.CHL.chlor_a.4km.nc,2022-09-07,6390,0.28636222050107757
AQUA_MODIS.20220908.L3m.DAY.CHL.chlor_a.4km.nc,2022-09-08,6400,0.2852289623330551
AQUA_MODIS.20220909.L3m.DAY.CHL.chlor_a.4km.nc,2022-09-09,6369,0.26953027562011095
AQUA_MODIS.20220910.L3m.DAY.CHL.chlor_a.4km.nc,2022-09-10,6386,0.6310023287969636
AQUA_MODIS.20220911.L3m.DAY.CHL.chlor_a.4km.nc,2022-09-11,6419,0.43776624591297786
AQUA_MODIS.20220912.L3m.DAY.CHL.chlor_a.4km.nc,2022-09-12,6450,0.4106715997939483
AQUA_MODIS.20220913.L3m.DAY.CHL.chlor_a.4km.nc,2022-09-13,6479,0.36927088066593033
AQUA_MODIS.20220914.L3m.DAY.CHL.chlor_a.4km.nc,2022-09-14,6460,0.2938985340066411
AQUA_MODIS.20220915.L3m.DAY.CHL.chlor_a.4km.nc,2022-09-15,6471,0.26328087439903847
AQUA_MODIS.20220916.L3m.DAY.CHL.chlor_a.4km.nc,2022-09-16,6421,0.2686867853821773
AQUA_MODIS.20220917.L3m.DAY.CHL.chlor_a.4km.nc,2022-09-17,6406,0.3976344979816429
AQUA_MODIS.20220918.L3m.DAY.CHL.chlor_a.4km.nc,2022-09-18,6345,0.30507224166892133
AQUA_MODIS.20220919.L3m.DAY.CHL.chlor_a.4km.nc,2022-09-19,6297,0.6376000878280155
AQUA_MODIS.20220920.L3m.DAY.CHL.chlor_a.4km.nc,2022-09-20,6257,0.2415226604808894
AQUA_MODIS.20220921.L3m.DAY.CHL.chlor_a.4km.nc,2022-09-21,6208,0.29160839627377216
AQUA_MODIS.20220922.L3m.DAY.CHL.chlor_a.4km.nc,2022-09-22,6204,0.36191386369945405
AQUA_MODIS.20220923.L3m.DAY.CHL.chlor_a.4km.nc,2022-09-23,6216,0.31025353852343274
AQUA_MODIS.20220924.L3m.DAY.CHL.chlor_a.4km.nc,2022-09-24,6258,0.5139719152223903
AQUA_MODIS.20220925.L3m.DAY.CHL.chlor_a.4km.nc,2022-09-25,6302,0.2665256230737316
AQUA_MODIS.20220926.L3m.DAY.CHL.chlor_a.4km.nc,2022-09-26,6324,0.520834184309645
AQUA_MODIS.20220927.L3m.DAY.CHL.chlor_a.4km.nc,2022-09-27,6186,0.4016895202928753
AQUA_MODIS.20220928.L3m.DAY.CHL.chlor_a.4km.nc,2022-09-28,6177,0.29451955532249335
AQUA_MODIS.20220929.L3m.DAY.CHL.chlor_a.4km.nc,2022-09-29,6242,0.46460621735921886
AQUA_MODIS.20220930.L3m.DAY.CHL.chlor_a.4km.nc,2022-09-30,6227,0.4409324960122321
AQUA_MODIS.20221001.L3m.DAY.CHL.chlor_a.4km.nc,2022-10-01,6239,0.5002657633083354
AQUA_MODIS.20221002.L3m.DAY.CHL.chlor_a.4km.nc,2022-10-02,6236,0.8908011163031304
AQUA_MODIS.20221003.L3m.DAY.CHL.chlor_a.4km.nc,2022-10-03,6244,0.8129692077636719
AQUA_MODIS.20221004.L3m.DAY.CHL.chlor_a.4km.nc,2022-10-04,6216,0.2303474682003426
AQUA_MODIS.20221005.L3m.DAY.CHL.chlor_a.4km.nc,2022-10-05,6355,0.4168046160442073
AQUA_MODIS.20221006.L3m.DAY.CHL.chlor_a.4km.nc,2022-10-06,6413,0.30728695431430053
AQUA_MODIS.20221007.L3m.DAY.CHL.chlor_a.4km.nc,2022-10-07,6480,0.4008643128368447
AQUA_MODIS.20221008.L3m.DAY.CHL.chlor_a.4km.nc,2022-10-08,6451,0.36999883745117723
AQUA_MODIS.20221009.L3m.DAY.CHL.chlor_a.4km.nc,2022-10-09,6449,0.3208345544421423
AQUA_MODIS.20221010.L3m.DAY.CHL.chlor_a.4km.nc,2022-10-10,6442,0.595643798356811
AQUA_MODIS.20221011.L3m.DAY.CHL.chlor_a.4km.nc,2022-10-11,6479,0.2574206636152195
AQUA_MODIS.20221012.L3m.DAY.CHL.chlor_a.4km.nc,2022-10-12,6517,0.38854541148250055
AQUA_MODIS.20221013.L3m.DAY.CHL.chlor_a.4km.nc,2022-10-13,6530,0.30568788282154746
AQUA_MODIS.20221014.L3m.DAY.CHL.chlor_a.4km.nc,2022-10-14,6515,0.326373080549569
AQUA_MODIS.20221015.L3m.DAY.CHL.chlor_a.4km.nc,2022-10-15,6355,0.3629547275641026
AQUA_MODIS.20221016.L3m.DAY.CHL.chlor_a.4km.nc,2022-10-16,6315,0.35635363032252526
AQUA_MODIS.20221017.L3m.DAY.CHL.chlor_a.4km.nc,2022-10-17,6319,0.5209379110456299
AQUA_MODIS.20221018.L3m.DAY.CHL.chlor_a.4km.nc,2022-10-18,6345,0.44147116166913064
AQUA_MODIS.20221019.L3m.DAY.CHL.chlor_a.4km.nc,2022-10-19,6359,0.3839247294834682
AQUA_MODIS.20221020.L3m.DAY.CHL.chlor_a.4km.nc,2022-10-20,6380,0.29949369360131256
AQUA_MODIS.20221021.L3m.DAY.CHL.chlor_a.4km.nc,2022-10-21,6372,0.2769813286394638
AQUA_MODIS.20221022.L3m.DAY.CHL.chlor_a.4km.nc,2022-10-22,6348,0.4593669107098303
AQUA_MODIS.20221023.L3m.DAY.CHL.chlor_a.4km.nc,2022-10-23,6359,0.2258970280864242
AQUA_MODIS.20221024.L3m.DAY.CHL.chlor_a.4km.nc,2022-10-24,6346,0.3752322641367876
AQUA_MODIS.20221025.L3m.DAY.CHL.chlor_a.4km.nc,2022-10-25,6332,0.17609624250219502
AQUA_MODIS.20221026.L3m.DAY.CHL.chlor_a.4km.nc,2022-10-26,6331,0.15157248010981622
AQUA_MODIS.20221027.L3m.DAY.CHL.chlor_a.4km.nc,2022-10-27,6343,0.2359985674658122
AQUA_MODIS.20221028.L3m.DAY.CHL.chlor_a.4km.nc,2022-10-28,6345,0.20378321794813878
AQUA_MODIS.20221029.L3m.DAY.CHL.chlor_a.4km.nc,2022-10-29,6375,0.2739501939486621
AQUA_MODIS.20221030.L3m.DAY.CHL.chlor_a.4km.nc,2022-10-30,6380,0.14207969927320294
AQUA_MODIS.20221031.L3m.DAY.CHL.chlor_a.4km.nc,2022-10-31,6363,0.30874845967490294
AQUA_MODIS.20221101.L3m.DAY.CHL.chlor_a.4km.nc,2022-11-01,6393,0.2282445372212777
AQUA_MODIS.20221102.L3m.DAY.CHL.chlor_a.4km.nc,2022-11-02,6398,0.5681563249723179
AQUA_MODIS.20221103.L3m.DAY.CHL.chlor_a.4km.nc,2022-11-03,6400,0.2556763661364356
AQUA_MODIS.20221104.L3m.DAY.CHL.chlor_a.4km.nc,2022-11-04,6419,0.28154202019253005
AQUA_MODIS.20221105.L3m.DAY.CHL.chlor_a.4km.nc,2022-11-05,6444,0.3269672920231067
AQUA_MODIS.20221106.L3m.DAY.CHL.chlor_a.4km.nc,2022-11-06,6490,0.28656006473102064
AQUA_MODIS.20221107.L3m.DAY.CHL.chlor_a.4km.nc,2022-11-07,6409,0.46658234113689967
AQUA_MODIS.20221108.L3m.DAY.CHL.chlor_a.4km.nc,2022-11-08,6355,0.21924308829922418
AQUA_MODIS.20221109.L3m.DAY.CHL.chlor_a.4km.nc,2022-11-09,6422,0.798700652054052
AQUA_MODIS.20221110.L3m.DAY.CHL.chlor_a.4km.nc,2022-11-10,6413,0.2673302523161797
AQUA_MODIS.20221111.L3m.DAY.CHL.chlor_a.4km.nc,2022-11-11,6406,0.09654831886291504
AQUA_MODIS.20221112.L3m.DAY.CHL.chlor_a.4km.nc,2022-11-12,6327,0.21346324206538478
AQUA_MODIS.20221113.L3m.DAY.CHL.chlor_a.4km.nc,2022-11-13,6357,
AQUA_MODIS.20221114.L3m.DAY.CHL.chlor_a.4km.nc,2022-11-14,6369,0.3283099398158554
AQUA_MODIS.20221115.L3m.DAY.CHL.chlor_a.4km.nc,2022-11-15,6385,0.17285172095804077
AQUA_MODIS.20221116.L3m.DAY.CHL.chlor_a.4km.nc,2022-11-16,6391,0.6531328367955477
AQUA_MODIS.20221117.L3m.DAY.CHL.chlor_a.4km.nc,2022-11-17,6402,0.21010354975581347
AQUA_MODIS.20221118.L3m.DAY.CHL.chlor_a.4km.nc,2022-11-18,6416,0.17673500028477285
AQUA_MODIS.20221119.L3m.DAY.CHL.chlor_a.4km.nc,2022-11-19,6383,0.17506194907191674
AQUA_MODIS.20221120.L3m.DAY.CHL.chlor_a.4km.nc,2022-11-20,6370,0.40895005428429804
AQUA_MODIS.20221121.L3m.DAY.CHL.chlor_a.4km.nc,2022-11-21,6325,0.35535395750618326
AQUA_MODIS.20221122.L3m.DAY.CHL.chlor_a.4km.nc,2022-11-22,6315,0.2510685235313036
AQUA_MODIS.20221123.L3m.DAY.CHL.chlor_a.4km.nc,2022-11-23,6318,0.5421337023983375
AQUA_MODIS.20221124.L3m.DAY.CHL.chlor_a.4km.nc,2022-11-24,6324,0.20575954672913585
AQUA_MODIS.20221125.L3m.DAY.CHL.chlor_a.4km.nc,2022-11-25,6331,0.9282655731757877
AQUA_MODIS.20221126.L3m.DAY.CHL.chlor_a.4km.nc,2022-11-26,6319,0.3783954866455047
AQUA_MODIS.20221127.L3m.DAY.CHL.chlor_a.4km.nc,2022-11-27,6298,0.0933502767687646
AQUA_MODIS.20221128.L3m.DAY.CHL.chlor_a.4km.nc,2022-11-28,6258,0.33820397822784415
AQUA_MODIS.20221129.L3m.DAY.CHL.chlor_a.4km.nc,2022-11-29,6250,0.2292646984125944
AQUA_MODIS.20221130.L3m.DAY.CHL.chlor_a.4km.nc,2022-11-30,6272,0.6050100977426915
AQUA_MODIS.20221201.L3m.DAY.CHL.chlor_a.4km.nc,2022-12-01,6263,0.20450982405548834
AQUA_MODIS.20221202.L3m.DAY.CHL.chlor_a.4km.nc,2022-12-02,6274,0.8394508412503322
AQUA_MODIS.20221203.L3m.DAY.CHL.chlor_a.4km.nc,2022-12-03,6251,0.24579618615200358
AQUA_MODIS.20221204.L3m.DAY.CHL.chlor_a.4km.nc,2022-12-04,6258,0.1568220499399546
AQUA_MODIS.20221205.L3m.DAY.CHL.chlor_a.4km.nc,2022-12-05,6305,0.5140347117581004
AQUA_MODIS.20221206.L3m.DAY.CHL.chlor_a.4km.nc,2022-12-06,6307,0.14559338168238406
AQUA_MODIS.20221207.L3m.DAY.CHL.chlor_a.4km.nc,2022-12-07,6310,0.33258232374698066
AQUA_MODIS.20221208.L3m.DAY.CHL.chlor_a.4km.nc,2022-12-08,6253,0.3957975419293429
AQUA_MODIS.20221209.L3m.DAY.CHL.chlor_a.4km.nc,2022-12-09,6258,0.8997436625417711
AQUA_MODIS.20221210.L3m.DAY.CHL.chlor_a.4km.nc,2022-12-10,6277,0.20156465457075665
AQUA_MODIS.20221211.L3m.DAY.CHL.chlor_a.4km.nc,2022-12-11,6294,0.14958588282267252
AQUA_MODIS.20221212.L3m.DAY.CHL.chlor_a.4km.nc,2022-12-12,6298,0.22716942293951659
AQUA_MODIS.20221213.L3m.DAY.CHL.chlor_a.4km.nc,2022-12-13,6313,0.12200915728174737
AQUA_MODIS.20221214.L3m.DAY.CHL.chlor_a.4km.nc,2022-12-14,6300,0.6031478717257319
AQUA_MODIS.20221215.L3m.DAY.CHL.chlor_a.4km.nc,2022-12-15,6321,0.34294700872932526
AQUA_MODIS.20221216.L3m.DAY.CHL.chlor_a.4km.nc,2022-12-16,6301,1.058751166621341
AQUA_MODIS.20221217.L3m.DAY.CHL.chlor_a.4km.nc,2022-12-17,6300,0.19783678986173645
AQUA_MODIS.20221218.L3m.DAY.CHL.chlor_a.4km.nc,2022-12-18,6291,1.1071017770206226
AQUA_MODIS.20221219.L3m.DAY.CHL.chlor_a.4km.nc,2022-12-19,6212,0.27871674971925886
AQUA_MODIS.20221220.L3m.DAY.CHL.chlor_a.4km.nc,2022-12-20,6188,0.18856426104748966
AQUA_MODIS.20221221.L3m.DAY.CHL.chlor_a.4km.nc,2022-12-21,6173,0.4070711673957027
AQUA_MODIS.20221222.L3m.DAY.CHL.chlor_a.4km.nc,2022-12-22,6166,0.5143334594987955
AQUA_MODIS.20221223.L3m.DAY.CHL.chlor_a.4km.nc,2022-12-23,6190,0.9434708533653846
AQUA_MODIS.20221224.L3m.DAY.CHL.chlor_a.4km.nc,2022-12-24,6202,0.17343660007792266
AQUA_MODIS.20221225.L3m.DAY.CHL.chlor_a.4km.nc,2022-12-25,6204,0.15183107799077314
AQUA_MODIS.20221226.L3m.DAY.CHL.chlor_a.4km.nc,2022-12-26,6083,0.30377943789148415
AQUA_MODIS.20221227.L3m.DAY.CHL.chlor_a.4km.nc,2022-12-27,6032,0.1652761522627555
AQUA_MODIS.20221228.L3m.DAY.CHL.chlor_a.4km.nc,2022-12-28,6066,0.2791990048261227
AQUA_MODIS.20221229.L3m.DAY.CHL.chlor_a.4km.nc,2022-12-29,6119,0.21973057827102804
AQUA_MODIS.20221230.L3m.DAY.CHL.chlor_a.4km.nc,2022-12-30,6120,0.5633793441704036
AQUA_MODIS.20221231.L3m.DAY.CHL.chlor_a.4km.nc,2022-12-31,6199,0.2177259234463527
AQUA_MODIS.20230101.L3m.DAY.CHL.chlor_a.4km.nc,2023-01-01,6284,0.32755876045878257
AQUA_MODIS.20230102.L3m.DAY.CHL.chlor_a.4km.nc,2023-01-02,6307,0.25386133733785377
AQUA_MODIS.20230103.L3m.DAY.CHL.chlor_a.4km.nc,2023-01-03,6335,0.08051379848622128
AQUA_MODIS.20230104.L3m.DAY.CHL.chlor_a.4km.nc,2023-01-04,6226,0.48907031663214035
AQUA_MODIS.20230105.L3m.DAY.CHL.chlor_a.4km.nc,2023-01-05,6290,0.2494250388690086
AQUA_MODIS.20230106.L3m.DAY.CHL.chlor_a.4km.nc,2023-01-06,6264,0.6858036181778983
AQUA_MODIS.20230107.L3m.DAY.CHL.chlor_a.4km.nc,2023-01-07,6259,0.2943066318169372
AQUA_MODIS.20230108.L3m.DAY.CHL.chlor_a.4km.nc,2023-01-08,6265,0.9652039280923468
AQUA_MODIS.20230109.L3m.DAY.CHL.chlor_a.4km.nc,2023-01-09,6272,0.2631859746282879
AQUA_MODIS.20230110.L3m.DAY.CHL.chlor_a.4km.nc,2023-01-10,6309,0.10844890037375017
AQUA_MODIS.20230111.L3m.DAY.CHL.chlor_a.4km.nc,2023-01-11,6279,0.2858577194650286
AQUA_MODIS.20230112.L3m.DAY.CHL.chlor_a.4km.nc,2023-01-12,6272,0.19307150955730232
AQUA_MODIS.20230113.L3m.DAY.CHL.chlor_a.4km.nc,2023-01-13,6217,0.533419915623571
AQUA_MODIS.20230114.L3m.DAY.CHL.chlor_a.4km.nc,2023-01-14,6179,0.22704172454034316
AQUA_MODIS.20230115.L3m.DAY.CHL.chlor_a.4km.nc,2023-01-15,6188,0.5146734460274979
AQUA_MODIS.20230116.L3m.DAY.CHL.chlor_a.4km.nc,2023-01-16,6190,0.25405498430113344
AQUA_MODIS.20230117.L3m.DAY.CHL.chlor_a.4km.nc,2023-01-17,6173,0.09229411284128824
AQUA_MODIS.20230118.L3m.DAY.CHL.chlor_a.4km.nc,2023-01-18,6084,0.2916355515778913
AQUA_MODIS.20230119.L3m.DAY.CHL.chlor_a.4km.nc,2023-01-19,6097,0.4103389743393176
AQUA_MODIS.20230120.L3m.DAY.CHL.chlor_a.4km.nc,2023-01-20,6057,0.6276051794881767
AQUA_MODIS.20230121.L3m.DAY.CHL.chlor_a.4km.nc,2023-01-21,6021,0.488835108356219
AQUA_MODIS.20230122.L3m.DAY.CHL.chlor_a.4km.nc,2023-01-22,6058,0.8978411716833036
AQUA_MODIS.20230123.L3m.DAY.CHL.chlor_a.4km.nc,2023-01-23,6136,0.15949907497418225
AQUA_MODIS.20230124.L3m.DAY.CHL.chlor_a.4km.nc,2023-01-24,6140,0.11054001601291147
AQUA_MODIS.20230125.L3m.DAY.CHL.chlor_a.4km.nc,2023-01-25,6154,0.3541624886984457
AQUA_MODIS.20230126.L3m.DAY.CHL.chlor_a.4km.nc,2023-01-26,6157,0.21432045669341696
AQUA_MODIS.20230127.L3m.DAY.CHL.chlor_a.4km.nc,2023-01-27,6140,0.6367911267464047
AQUA_MODIS.20230128.L3m.DAY.CHL.chlor_a.4km.nc,2023-01-28,6181,0.09191455152912802
AQUA_MODIS.20230129.L3m.DAY.CHL.chlor_a.4km.nc,2023-01-29,6233,0.24415892896271574
AQUA_MODIS.20230130.L3m.DAY.CHL.chlor_a.4km.nc,2023-01-30,6261,0.28252700564140454
AQUA_MODIS.20230131.L3m.DAY.CHL.chlor_a.4km.nc,2023-01-31,6255,0.3561885724748884
AQUA_MODIS.20230201.L3m.DAY.CHL.chlor_a.4km.nc,2023-02-01,6300,0.20599242294023087
AQUA_MODIS.20230202.L3m.DAY.CHL.chlor_a.4km.nc,2023-02-02,6270,0.1103052298227946
AQUA_MODIS.20230203.L3m.DAY.CHL.chlor_a.4km.nc,2023-02-03,6221,0.2612743744120123
AQUA_MODIS.20230204.L3m.DAY.CHL.chlor_a.4km.nc,2023-02-04,6227,0.36312577124578066
AQUA_MODIS.20230205.L3m.DAY.CHL.chlor_a.4km.nc,2023-02-05,6202,0.8414299299830262
AQUA_MODIS.20230206.L3m.DAY.CHL.chlor_a.4km.nc,2023-02-06,6180,0.32580192537765224
AQUA_MODIS.20230207.L3m.DAY.CHL.chlor_a.4km.nc,2023-02-07,6151,0.8238136815253334
AQUA_MODIS.20230208.L3m.DAY.CHL.chlor_a.4km.nc,2023-02-08,6119,0.38699420047391475
AQUA_MODIS.20230209.L3m.DAY.CHL.chlor_a.4km.nc,2023-02-09,6100,0.26452283801741533
AQUA_MODIS.20230210.L3m.DAY.CHL.chlor_a.4km.nc,2023-02-10,6117,0.8578142936862245
AQUA_MODIS.20230211.L3m.DAY.CHL.chlor_a.4km.nc,2023-02-11,6133,0.40982282895823013
AQUA_MODIS.20230212.L3m.DAY.CHL.chlor_a.4km.nc,2023-02-12,6132,0.4372624209522924
AQUA_MODIS.20230213.L3m.DAY.CHL.chlor_a.4km.nc,2023-02-13,6154,0.217244231500316
AQUA_MODIS.20230214.L3m.DAY.CHL.chlor_a.4km.nc,2023-02-14,6090,0.4655588740190583
AQUA_MODIS.20230215.L3m.DAY.CHL.chlor_a.4km.nc,2023-02-15,6066,0.570728730836667
AQUA_MODIS.20230216.L3m.DAY.CHL.chlor_a.4km.nc,2023-02-16,6053,0.15592538556874624
AQUA_MODIS.20230217.L3m.DAY.CHL.chlor_a.4km.nc,2023-02-17,6043,0.28000038487943146
AQUA_MODIS.20230218.L3m.DAY.CHL.chlor_a.4km.nc,2023-02-18,6063,0.39117402066723195
AQUA_MODIS.20230219.L3m.DAY.CHL.chlor_a.4km.nc,2023-02-19,6081,0.352307845119719
AQUA_MODIS.20230220.L3m.DAY.CHL.chlor_a.4km.nc,2023-02-20,6060,0.4945025478623759
AQUA_MODIS.20230221.L3m.DAY.CHL.chlor_a.4km.nc,2023-02-21,5961,1.2224229275823353
AQUA_MODIS.20230222.L3m.DAY.CHL.chlor_a.4km.nc,2023-02-22,5933,0.44424138414381126
AQUA_MODIS.20230223.L3m.DAY.CHL.chlor_a.4km.nc,2023-02-23,5929,0.4183361888309923
AQUA_MODIS.20230224.L3m.DAY.CHL.chlor_a.4km.nc,2023-02-24,5937,0.1454805910170943
AQUA_MODIS.20230225.L3m.DAY.CHL.chlor_a.4km.nc,2023-02-25,5960,0.23350990867727406
AQUA_MODIS.20230226.L3m.DAY.CHL.chlor_a.4km.nc,2023-02-26,6005,0.5805804113109031
AQUA_MODIS.20230227.L3m.DAY.CHL.chlor_a.4km.nc,2023-02-27,5916,0.28634106821103017
AQUA_MODIS.20230228.L3m.DAY.CHL.chlor_a.4km.nc,2023-02-28,5821,0.15250914409174623
AQUA_MODIS.20230301.L3m.DAY.CHL.chlor_a.4km.nc,2023-03-01,5933,0.298098254920012
AQUA_MODIS.20230302.L3m.DAY.CHL.chlor_a.4km.nc,2023-03-02,6011,0.3663787932210399
AQUA_MODIS.20230303.L3m.DAY.CHL.chlor_a.4km.nc,2023-03-03,6068,0.5313419117647059
AQUA_MODIS.20230304.L3m.DAY.CHL.chlor_a.4km.nc,2023-03-04,6064,0.44993160265789145
AQUA_MODIS.20230305.L3m.DAY.CHL.chlor_a.4km.nc,2023-03-05,6087,0.19792765049846625
AQUA_MODIS.20230306.L3m.DAY.CHL.chlor_a.4km.nc,2023-03-06,6102,0.238015609511947
AQUA_MODIS.20230307.L3m.DAY.CHL.chlor_a.4km.nc,2023-03-07,6152,2.173464600206296
AQUA_MODIS.20230308.L3m.DAY.CHL.chlor_a.4km.nc,2023-03-08,6186,0.1214993880931909
AQUA_MODIS.20230309.L3m.DAY.CHL.chlor_a.4km.nc,2023-03-09,6208,0.6790692305284247
AQUA_MODIS.20230310.L3m.DAY.CHL.chlor_a.4km.nc,2023-03-10,6223,0.41087017121397024
AQUA_MODIS.20230311.L3m.DAY.CHL.chlor_a.4km.nc,2023-03-11,6212,0.38768106989105605
AQUA_MODIS.20230312.L3m.DAY.CHL.chlor_a.4km.nc,2023-03-12,6232,0.4647369147424265
AQUA_MODIS.20230313.L3m.DAY.CHL.chlor_a.4km.nc,2023-03-13,6219,0.1915786218681305
AQUA_MODIS.20230314.L3m.DAY.CHL.chlor_a.4km.nc,2023-03-14,6179,0.4565969644303456
AQUA_MODIS.20230315.L3m.DAY.CHL.chlor_a.4km.nc,2023-03-15,6060,0.19338364078741824
AQUA_MODIS.20230316.L3m.DAY.CHL.chlor_a.4km.nc,2023-03-16,6026,0.35505185338788137
AQUA_MODIS.20230317.L3m.DAY.CHL.chlor_a.4km.nc,2023-03-17,6061,0.5313694939176762
AQUA_MODIS.20230318.L3m.DAY.CHL.chlor_a.4km.nc,2023-03-18,6027,0.8098416684278801
AQUA_MODIS.20230319.L3m.DAY.CHL.chlor_a.4km.nc,2023-03-19,6037,0.17328727921195652
AQUA_MODIS.20230320.L3m.DAY.CHL.chlor_a.4km.nc,2023-03-20,6014,0.3291758329971977
AQUA_MODIS.20230321.L3m.DAY.CHL.chlor_a.4km.nc,2023-03-21,5971,0.6443088091724113
AQUA_MODIS.20230322.L3m.DAY.CHL.chlor_a.4km.nc,2023-03-22,5961,0.3565737516983696
AQUA_MODIS.20230323.L3m.DAY.CHL.chlor_a.4km.nc,2023-03-23,5852,0.5374969729194744
AQUA_MODIS.20230324.L3m.DAY.CHL.chlor_a.4km.nc,2023-03-24,5881,0.3898743082365473
AQUA_MODIS.20230325.L3m.DAY.CHL.chlor_a.4km.nc,2023-03-25,5915,0.8513704461566473
AQUA_MODIS.20230326.L3m.DAY.CHL.chlor_a.4km.nc,2023-03-26,5995,2.5507407352842133
AQUA_MODIS.20230327.L3m.DAY.CHL.chlor_a.4km.nc,2023-03-27,6028,0.27331742580581764
AQUA_MODIS.20230328.L3m.DAY.CHL.chlor_a.4km.nc,2023-03-28,6059,0.36803306494684024
AQUA_MODIS.20230329.L3m.DAY.CHL.chlor_a.4km.nc,2023-03-29,6056,0.19384064861820618
AQUA_MODIS.20230330.L3m.DAY.CHL.chlor_a.4km.nc,2023-03-30,6057,0.43605003920681956
AQUA_MODIS.20230331.L3m.DAY.CHL.chlor_a.4km.nc,2023-03-31,6050,0.1962820963109655
AQUA_MODIS.20230401.L3m.DAY.CHL.chlor_a.4km.nc,2023-04-01,6077,0.6691447450583013
AQUA_MODIS.20230402.L3m.DAY.CHL.chlor_a.4km.nc,2023-04-02,6106,0.810586864108468
AQUA_MODIS.20230403.L3m.DAY.CHL.chlor_a.4km.nc,2023-04-03,6117,0.3979991863725523
AQUA_MODIS.20230404.L3m.DAY.CHL.chlor_a.4km.nc,2023-04-04,6126,0.48767805189626656
AQUA_MODIS.20230405.L3m.DAY.CHL.chlor_a.4km.nc,2023-04-05,6148,0.2813735394300465
AQUA_MODIS.20230406.L3m.DAY.CHL.chlor_a.4km.nc,2023-04-06,6167,0.35435405494817646
AQUA_MODIS.20230407.L3m.DAY.CHL.chlor_a.4km.nc,2023-04-07,6206,0.2925664787898508
AQUA_MODIS.20230408.L3m.DAY.CHL.chlor_a.4km.nc,2023-04-08,6239,0.5286590774337967
AQUA_MODIS.20230409.L3m.DAY.CHL.chlor_a.4km.nc,2023-04-09,6257,0.32812787827287226
AQUA_MODIS.20230410.L3m.DAY.CHL.chlor_a.4km.nc,2023-04-10,6263,0.38956687497812237
AQUA_MODIS.20230411.L3m.DAY.CHL.chlor_a.4km.nc,2023-04-11,6231,0.2960156026772287
AQUA_MODIS.20230412.L3m.DAY.CHL.chlor_a.4km.nc,2023-04-12,6222,0.2352637796058613
AQUA_MODIS.20230413.L3m.DAY.CHL.chlor_a.4km.nc,2023-04-13,6223,0.48213006450954093
AQUA_MODIS.20230414.L3m.DAY.CHL.chlor_a.4km.nc,2023-04-14,6187,0.09888564215766059
AQUA_MODIS.20230415.L3m.DAY.CHL.chlor_a.4km.nc,2023-04-15,6141,0.6094580173960378
AQUA_MODIS.20230416.L3m.DAY.CHL.chlor_a.4km.nc,2023-04-16,6156,0.43357811147478903
AQUA_MODIS.20230417.L3m.DAY.CHL.chlor_a.4km.nc,2023-04-17,6151,0.37906676190443817
AQUA_MODIS.20230418.L3m.DAY.CHL.chlor_a.4km.nc,2023-04-18,6088,0.7900080066199542
AQUA_MODIS.20230419.L3m.DAY.CHL.chlor_a.4km.nc,2023-04-19,6028,0.3055685805671776
AQUA_MODIS.20230420.L3m.DAY.CHL.chlor_a.4km.nc,2023-04-20,6071,0.6891265618279249
AQUA_MODIS.20230421.L3m.DAY.CHL.chlor_a.4km.nc,2023-04-21,6087,0.6129156370863773
AQUA_MODIS.20230422.L3m.DAY.CHL.chlor_a.4km.nc,2023-04-22,6104,0.7532137754445403
AQUA_MODIS.20230423.L3m.DAY.CHL.chlor_a.4km.nc,2023-04-23,6118,0.5067993487596378
AQUA_MODIS.20230424.L3m.DAY.CHL.chlor_a.4km.nc,2023-04-24,5915,0.7600589323443369
AQUA_MODIS.20230425.L3m.DAY.CHL.chlor_a.4km.nc,2023-04-25,6000,0.6283173327084329
AQUA_MODIS.20230426.L3m.DAY.CHL.chlor_a.4km.nc,2023-04-26,6078,0.22544467401900017
AQUA_MODIS.20230427.L3m.DAY.CHL.chlor_a.4km.nc,2023-04-27,6126,0.4454065894127259
AQUA_MODIS.20230428.L3m.DAY.CHL.chlor_a.4km.nc,2023-04-28,6127,0.22821913523992576
AQUA_MODIS.20230429.L3m.DAY.CHL.chlor_a.4km.nc,2023-04-29,6143,0.7743114033175881
AQUA_MODIS.20230430.L3m.DAY.CHL.chlor_a.4km.nc,2023-04-30,6153,0.43309800494092765
AQUA_MODIS.20230501.L3m.DAY.CHL.chlor_a.4km.nc,2023-05-01,6160,0.24185122400368453
AQUA_MODIS.20230502.L3m.DAY.CHL.chlor_a.4km.nc,2023-05-02,6172,0.4542150025019899
AQUA_MODIS.20230503.L3m.DAY.CHL.chlor_a.4km.nc,2023-05-03,6193,0.3047556207039206
AQUA_MODIS.20230504.L3m.DAY.CHL.chlor_a.4km.nc,2023-05-04,6199,0.35748917991549123
AQUA_MODIS.20230505.L3m.DAY.CHL.chlor_a.4km.nc,2023-05-05,6219,0.2837098584369012
AQUA_MODIS.20230506.L3m.DAY.CHL.chlor_a.4km.nc,2023-05-06,6209,0.6617679407100866
AQUA_MODIS.20230507.L3m.DAY.CHL.chlor_a.4km.nc,2023-05-07,6145,0.36609367044297353
AQUA_MODIS.20230508.L3m.DAY.CHL.chlor_a.4km.nc,2023-05-08,5999,0.27202695667459975
AQUA_MODIS.20230509.L3m.DAY.CHL.chlor_a.4km.nc,2023-05-09,5996,0.3978744302535372
AQUA_MODIS.20230510.L3m.DAY.CHL.chlor_a.4km.nc,2023-05-10,5828,0.4261468016636305
AQUA_MODIS.20230511.L3m.DAY.CHL.chlor_a.4km.nc,2023-05-11,5813,0.8858067666330646
AQUA_MODIS.20230512.L3m.DAY.CHL.chlor_a.4km.nc,2023-05-12,5863,0.5705729824450619
AQUA_MODIS.20230513.L3m.DAY.CHL.chlor_a.4km.nc,2023-05-13,5906,0.723777107092805
AQUA_MODIS.20230514.L3m.DAY.CHL.chlor_a.4km.nc,2023-05-14,6005,0.5188234470491585
AQUA_MODIS.20230515.L3m.DAY.CHL.chlor_a.4km.nc,2023-05-15,6042,0.719107229278603
AQUA_MODIS.20230516.L3m.DAY.CHL.chlor_a.4km.nc,2023-05-16,6069,0.529107442210842
AQUA_MODIS.20230517.L3m.DAY.CHL.chlor_a.4km.nc,2023-05-17,6097,0.28041443497602647
AQUA_MODIS.20230518.L3m.DAY.CHL.chlor_a.4km.nc,2023-05-18,6134,0.4694087015693889
AQUA_MODIS.20230519.L3m.DAY.CHL.chlor_a.4km.nc,2023-05-19,6131,0.5184454436800373
AQUA_MODIS.20230520.L3m.DAY.CHL.chlor_a.4km.nc,2023-05-20,6076,0.7864105284565324
AQUA_MODIS.20230521.L3m.DAY.CHL.chlor_a.4km.nc,2023-05-21,6069,0.30333685874938965
AQUA_MODIS.20230522.L3m.DAY.CHL.chlor_a.4km.nc,2023-05-22,6077,1.5075955263584941
AQUA_MODIS.20230523.L3m.DAY.CHL.chlor_a.4km.nc,2023-05-23,6125,0.563320987520497
AQUA_MODIS.20230524.L3m.DAY.CHL.chlor_a.4km.nc,2023-05-24,6155,0.30463234168135317
AQUA_MODIS.20230525.L3m.DAY.CHL.chlor_a.4km.nc,2023-05-25,6177,0.49827293616891705
AQUA_MODIS.20230526.L3m.DAY.CHL.chlor_a.4km.nc,2023-05-26,6234,0.20777534780868048
AQUA_MODIS.20230527.L3m.DAY.CHL.chlor_a.4km.nc,2023-05-27,6254,0.9133655914632451
AQUA_MODIS.20230528.L3m.DAY.CHL.chlor_a.4km.nc,2023-05-28,6241,0.4637726766655272
AQUA_MODIS.20230529.L3m.DAY.CHL.chlor_a.4km.nc,2023-05-29,6240,0.4135196220385755
AQUA_MODIS.20230530.L3m.DAY.CHL.chlor_a.4km.nc,2023-05-30,6206,1.1661933957764299
AQUA_MODIS.20230531.L3m.DAY.CHL.chlor_a.4km.nc,2023-05-31,6178,0.30675891655450876
AQUA_MODIS.20230601.L3m.DAY.CHL.chlor_a.4km.nc,2023-06-01,6198,0.6564135124711211
AQUA_MODIS.20230602.L3m.DAY.CHL.chlor_a.4km.nc,2023-06-02,6163,0.5677072815975901
AQUA_MODIS.20230603.L3m.DAY.CHL.chlor_a.4km.nc,2023-06-03,6161,0.7770644674200325
AQUA_MODIS.20230604.L3m.DAY.CHL.chlor_a.4km.nc,2023-06-04,6129,0.36686438085272416
AQUA_MODIS.20230605.L3m.DAY.CHL.chlor_a.4km.nc,2023-06-05,6115,0.46750604829261433
AQUA_MODIS.20230606.L3m.DAY.CHL.chlor_a.4km.nc,2023-06-06,6118,0.8170822725767771
AQUA_MODIS.20230607.L3m.DAY.CHL.chlor_a.4km.nc,2023-06-07,6132,0.412517660635489
AQUA_MODIS.20230608.L3m.DAY.CHL.chlor_a.4km.nc,2023-06-08,6118,0.9055409902288196
AQUA_MODIS.20230609.L3m.DAY.CHL.chlor_a.4km.nc,2023-06-09,6149,0.3098352490695462
AQUA_MODIS.20230610.L3m.DAY.CHL.chlor_a.4km.nc,2023-06-10,6167,0.7208752498448452
AQUA_MODIS.20230611.L3m.DAY.CHL.chlor_a.4km.nc,2023-06-11,6104,0.4340117348034258
AQUA_MODIS.20230612.L3m.DAY.CHL.chlor_a.4km.nc,2023-06-12,6090,2.0981124645562343
AQUA_MODIS.20230613.L3m.DAY.CHL.chlor_a.4km.nc,2023-06-13,6074,0.45559543188826634
AQUA_MODIS.20230614.L3m.DAY.CHL.chlor_a.4km.nc,2023-06-14,6111,0.7949090913133181
AQUA_MODIS.20230615.L3m.DAY.CHL.chlor_a.4km.nc,2023-06-15,6125,0.5952247937425083
AQUA_MODIS.20230616.L3m.DAY.CHL.chlor_a.4km.nc,2023-06-16,6093,0.7974993700180739
AQUA_MODIS.20230617.L3m.DAY.CHL.chlor_a.4km.nc,2023-06-17,6078,0.5498890054636988
AQUA_MODIS.20230618.L3m.DAY.CHL.chlor_a.4km.nc,2023-06-18,6084,0.363444468343884
AQUA_MODIS.20230619.L3m.DAY.CHL.chlor_a.4km.nc,2023-06-19,6099,0.8674085022973232
AQUA_MODIS.20230620.L3m.DAY.CHL.chlor_a.4km.nc,2023-06-20,6104,0.44571810055892747
AQUA_MODIS.20230621.L3m.DAY.CHL.chlor_a.4km.nc,2023-06-21,6101,0.3676842026061815
AQUA_MODIS.20230622.L3m.DAY.CHL.chlor_a.4km.nc,2023-06-22,6096,0.5633725992838542
AQUA_MODIS.20230623.L3m.DAY.CHL.chlor_a.4km.nc,2023-06-23,6098,0.7050724091850046
AQUA_MODIS.20230624.L3m.DAY.CHL.chlor_a.4km.nc,2023-06-24,6063,2.7333852042139104
AQUA_MODIS.20230625.L3m.DAY.CHL.chlor_a.4km.nc,2023-06-25,6052,0.41920843631470817
AQUA_MODIS.20230626.L3m.DAY.CHL.chlor_a.4km.nc,2023-06-26,6000,0.3503717431104745
AQUA_MODIS.20230627.L3m.DAY.CHL.chlor_a.4km.nc,2023-06-27,5968,0.26918318535414887
AQUA_MODIS.20230628.L3m.DAY.CHL.chlor_a.4km.nc,2023-06-28,5978,0.43268905887867326
AQUA_MODIS.20230629.L3m.DAY.CHL.chlor_a.4km.nc,2023-06-29,6014,0.6889841066946988
AQUA_MODIS.20230630.L3m.DAY.CHL.chlor_a.4km.nc,2023-06-30,6014,0.3049311957482471
AQUA_MODIS.20230701.L3m.DAY.CHL.chlor_a.4km.nc,2023-07-01,6008,0.8992576914385331
AQUA_MODIS.20230702.L3m.DAY.CHL.chlor_a.4km.nc,2023-07-02,6023,0.23888756574710177
AQUA_MODIS.20230703.L3m.DAY.CHL.chlor_a.4km.nc,2023-07-03,5987,0.35517144919900573
AQUA_MODIS.20230704.L3m.DAY.CHL.chlor_a.4km.nc,2023-07-04,5989,0.7831801050345458
AQUA_MODIS.20230705.L3m.DAY.CHL.chlor_a.4km.nc,2023-07-05,5996,0.22247473097798712
AQUA_MODIS.20230706.L3m.DAY.CHL.chlor_a.4km.nc,2023-07-06,6009,0.4127509613284416
AQUA_MODIS.20230707.L3m.DAY.CHL.chlor_a.4km.nc,2023-07-07,5982,0.8545351604044802
AQUA_MODIS.20230708.L3m.DAY.CHL.chlor_a.4km.nc,2023-07-08,6025,0.19884088304307726
AQUA_MODIS.20230709.L3m.DAY.CHL.chlor_a.4km.nc,2023-07-09,6024,0.4198106532358419
AQUA_MODIS.20230710.L3m.DAY.CHL.chlor_a.4km.nc,2023-07-10,6031,0.33947141956310795
AQUA_MODIS.20230711.L3m.DAY.CHL.chlor_a.4km.nc,2023-07-11,6028,0.5523113440104643
AQUA_MODIS.20230712.L3m.DAY.CHL.chlor_a.4km.nc,2023-07-12,6065,0.33603028993348816
AQUA_MODIS.20230713.L3m.DAY.CHL.chlor_a.4km.nc,2023-07-13,6094,0.8814746340526648
AQUA_MODIS.20230714.L3m.DAY.CHL.chlor_a.4km.nc,2023-07-14,6123,0.8242230443520682
AQUA_MODIS.20230715.L3m.DAY.CHL.chlor_a.4km.nc,2023-07-15,6011,0.5166530655313635
AQUA_MODIS.20230716.L3m.DAY.CHL.chlor_a.4km.nc,2023-07-16,6033,1.1438092372214148
AQUA_MODIS.20230717.L3m.DAY.CHL.chlor_a.4km.nc,2023-07-17,5967,0.401058189057607
AQUA_MODIS.20230718.L3m.DAY.CHL.chlor_a.4km.nc,2023-07-18,5996,0.6371126022582618
AQUA_MODIS.20230719.L3m.DAY.CHL.chlor_a.4km.nc,2023-07-19,6024,0.5311108878733112
AQUA_MODIS.20230720.L3m.DAY.CHL.chlor_a.4km.nc,2023-07-20,6075,0.5583312526700662
AQUA_MODIS.20230721.L3m.DAY.CHL.chlor_a.4km.nc,2023-07-21,6075,0.33949462780729533
AQUA_MODIS.20230722.L3m.DAY.CHL.chlor_a.4km.nc,2023-07-22,6054,0.2853694186908731
AQUA_MODIS.20230723.L3m.DAY.CHL.chlor_a.4km.nc,2023-07-23,6039,0.3173277332786863
AQUA_MODIS.20230724.L3m.DAY.CHL.chlor_a.4km.nc,2023-07-24,6060,0.34688897155472453
AQUA_MODIS.20230725.L3m.DAY.CHL.chlor_a.4km.nc,2023-07-25,6056,0.636305485185136
AQUA_MODIS.20230726.L3m.DAY.CHL.chlor_a.4km.nc,2023-07-26,6012,0.45160965753162263
AQUA_MODIS.20230727.L3m.DAY.CHL.chlor_a.4km.nc,2023-07-27,5973,0.2917274897790387
AQUA_MODIS.20230728.L3m.DAY.CHL.chlor_a.4km.nc,2023-07-28,5949,0.36166413719685936
AQUA_MODIS.20230729.L3m.DAY.CHL.chlor_a.4km.nc,2023-07-29,5967,0.4327608098666043
AQUA_MODIS.20230730.L3m.DAY.CHL.chlor_a.4km.nc,2023-07-30,5965,0.37497336226577327
AQUA_MODIS.20230731.L3m.DAY.CHL.chlor_a.4km.nc,2023-07-31,5997,0.253058562374498
AQUA_MODIS.20230801.L3m.DAY.CHL.chlor_a.4km.nc,2023-08-01,5986,0.47238756431357665
AQUA_MODIS.20230802.L3m.DAY.CHL.chlor_a.4km.nc,2023-08-02,5840,0.46847357257999167
AQUA_MODIS.20230803.L3m.DAY.CHL.chlor_a.4km.nc,2023-08-03,5863,1.4316805510864627
AQUA_MODIS.20230804.L3m.DAY.CHL.chlor_a.4km.nc,2023-08-04,5825,0.2783225368738824
AQUA_MODIS.20230805.L3m.DAY.CHL.chlor_a.4km.nc,2023-08-05,5789,0.43815728335711845
AQUA_MODIS.20230806.L3m.DAY.CHL.chlor_a.4km.nc,2023-08-06,5808,0.5724594986484078
AQUA_MODIS.20230807.L3m.DAY.CHL.chlor_a.4km.nc,2023-08-07,5795,0.30203218261674
AQUA_MODIS.20230808.L3m.DAY.CHL.chlor_a.4km.nc,2023-08-08,5814,0.47515120781276426
AQUA_MODIS.20230809.L3m.DAY.CHL.chlor_a.4km.nc,2023-08-09,5819,0.3763814233693129
AQUA_MODIS.20230810.L3m.DAY.CHL.chlor_a.4km.nc,2023-08-10,5875,0.47307718662125064
AQUA_MODIS.20230811.L3m.DAY.CHL.chlor_a.4km.nc,2023-08-11,5920,
AQUA_MODIS.20230812.L3m.DAY.CHL.chlor_a.4km.nc,2023-08-12,5963,0.20492950972879054
AQUA_MODIS.20230813.L3m.DAY.CHL.chlor_a.4km.nc,2023-08-13,5977,0.2984650494843466
AQUA_MODIS.20230814.L3m.DAY.CHL.chlor_a.4km.nc,2023-08-14,5980,0.24896359261994705
AQUA_MODIS.20230815.L3m.DAY.CHL.chlor_a.4km.nc,2023-08-15,5987,0.49635918249314037
AQUA_MODIS.20230816.L3m.DAY.CHL.chlor_a.4km.nc,2023-08-16,6011,0.35215973714106374
AQUA_MODIS.20230817.L3m.DAY.CHL.chlor_a.4km.nc,2023-08-17,6026,0.1620346705118815
AQUA_MODIS.20230818.L3m.DAY.CHL.chlor_a.4km.nc,2023-08-18,6041,0.25338818162058985
AQUA_MODIS.20230819.L3m.DAY.CHL.chlor_a.4km.nc,2023-08-19,6025,0.2897123702124339
AQUA_MODIS.20230820.L3m.DAY.CHL.chlor_a.4km.nc,2023-08-20,5943,0.3640033463786419
AQUA_MODIS.20230821.L3m.DAY.CHL.chlor_a.4km.nc,2023-08-21,5940,0.291005131539957
AQUA_MODIS.20230822.L3m.DAY.CHL.chlor_a.4km.nc,2023-08-22,5960,0.6037587151591369
AQUA_MODIS.20230823.L3m.DAY.CHL.chlor_a.4km.nc,2023-08-23,5975,0.34945438685042135
AQUA_MODIS.20230824.L3m.DAY.CHL.chlor_a.4km.nc,2023-08-24,5996,0.6787345142571074
AQUA_MODIS.20230825.L3m.DAY.CHL.chlor_a.4km.nc,2023-08-25,6011,0.7140654056654147
AQUA_MODIS.20230826.L3m.DAY.CHL.chlor_a.4km.nc,2023-08-26,5980,0.33115459117251805
AQUA_MODIS.20230827.L3m.DAY.CHL.chlor_a.4km.nc,2023-08-27,5970,0.5257757885057036
AQUA_MODIS.20230828.L3m.DAY.CHL.chlor_a.4km.nc,2023-08-28,5990,0.3401019569247277
AQUA_MODIS.20230829.L3m.DAY.CHL.chlor_a.4km.nc,2023-08-29,5974,0.6649176221375072
AQUA_MODIS.20230830.L3m.DAY.CHL.chlor_a.4km.nc,2023-08-30,5970,0.26950820914599105
AQUA_MODIS.20230831.L3m.DAY.CHL.chlor_a.4km.nc,2023-08-31,5959,0.38930866177908885
AQUA_MODIS.20230901.L3m.DAY.CHL.chlor_a.4km.nc,2023-09-01,5947,0.4206628778541064
AQUA_MODIS.20230902.L3m.DAY.CHL.chlor_a.4km.nc,2023-09-02,5948,0.35463116631864783
AQUA_MODIS.20230903.L3m.DAY.CHL.chlor_a.4km.nc,2023-09-03,5946,0.6124739967347799
AQUA_MODIS.20230904.L3m.DAY.CHL.chlor_a.4km.nc,2023-09-04,5946,0.3451397605546131
AQUA_MODIS.20230905.L3m.DAY.CHL.chlor_a.4km.nc,2023-09-05,5994,0.4234825968938977
AQUA_MODIS.20230906.L3m.DAY.CHL.chlor_a.4km.nc,2023-09-06,6025,0.563531868551643
AQUA_MODIS.20230907.L3m.DAY.CHL.chlor_a.4km.nc,2023-09-07,6038,0.21110790784759162
AQUA_MODIS.20230908.L3m.DAY.CHL.chlor_a.4km.nc,2023-09-08,6028,0.35373533855949935
AQUA_MODIS.20230909.L3m.DAY.CHL.chlor_a.4km.nc,2023-09-09,6022,0.32075666455762436
AQUA_MODIS.20230910.L3m.DAY.CHL.chlor_a.4km.nc,2023-09-10,6006,0.47930239644109884
AQUA_MODIS.20230911.L3m.DAY.CHL.chlor_a.4km.nc,2023-09-11,6020,0.4166226311414304
AQUA_MODIS.20230912.L3m.DAY.CHL.chlor_a.4km.nc,2023-09-12,5941,0.6707984900969058
AQUA_MODIS.20230913.L3m.DAY.CHL.chlor_a.4km.nc,2023-09-13,5899,0.4248150980321209
AQUA_MODIS.20230914.L3m.DAY.CHL.chlor_a.4km.nc,2023-09-14,5955,0.31649553181738826
AQUA_MODIS.20230915.L3m.DAY.CHL.chlor_a.4km.nc,2023-09-15,6002,0.4540383057118395
AQUA_MODIS.20230916.L3m.DAY.CHL.chlor_a.4km.nc,2023-09-16,5979,0.3196133732145421
AQUA_MODIS.20230917.L3m.DAY.CHL.chlor_a.4km.nc,2023-09-17,5991,1.9883333745385021
AQUA_MODIS.20230918.L3m.DAY.CHL.chlor_a.4km.nc,2023-09-18,5894,0.5417608654990526
AQUA_MODIS.20230919.L3m.DAY.CHL.chlor_a.4km.nc,2023-09-19,5734,0.46268748260022274
AQUA_MODIS.20230920.L3m.DAY.CHL.chlor_a.4km.nc,2023-09-20,5752,0.2742459307868929
AQUA_MODIS.20230921.L3m.DAY.CHL.chlor_a.4km.nc,2023-09-21,5784,0.3880170036764706
AQUA_MODIS.20230922.L3m.DAY.CHL.chlor_a.4km.nc,2023-09-22,5806,0.45568207446149184
AQUA_MODIS.20230923.L3m.DAY.CHL.chlor_a.4km.nc,2023-09-23,5844,0.2735711016199817
AQUA_MODIS.20230924.L3m.DAY.CHL.chlor_a.4km.nc,2023-09-24,5918,0.8010696823014752
AQUA_MODIS.20230925.L3m.DAY.CHL.chlor_a.4km.nc,2023-09-25,5742,0.5203245287804931
AQUA_MODIS.20230926.L3m.DAY.CHL.chlor_a.4km.nc,2023-09-26,5791,0.7231421718034715
AQUA_MODIS.20230927.L3m.DAY.CHL.chlor_a.4km.nc,2023-09-27,5825,0.3876266962204462
AQUA_MODIS.20230928.L3m.DAY.CHL.chlor_a.4km.nc,2023-09-28,5849,0.4298798637569435
AQUA_MODIS.20230929.L3m.DAY.CHL.chlor_a.4km.nc,2023-09-29,5885,0.40798047851486213
AQUA_MODIS.20230930.L3m.DAY.CHL.chlor_a.4km.nc,2023-09-30,5938,0.36713051017418363
AQUA_MODIS.20231001.L3m.DAY.CHL.chlor_a.4km.nc,2023-10-01,5992,0.36104868677697066
AQUA_MODIS.20231002.L3m.DAY.CHL.chlor_a.4km.nc,2023-10-02,6016,0.3517838975779565
AQUA_MODIS.20231003.L3m.DAY.CHL.chlor_a.4km.nc,2023-10-03,6015,0.3924782051025668
AQUA_MODIS.20231004.L3m.DAY.CHL.chlor_a.4km.nc,2023-10-04,6026,0.33486446949949006
AQUA_MODIS.20231005.L3m.DAY.CHL.chlor_a.4km.nc,2023-10-05,6014,0.3294076555439556
AQUA_MODIS.20231006.L3m.DAY.CHL.chlor_a.4km.nc,2023-10-06,5976,0.3855172026980083
AQUA_MODIS.20231007.L3m.DAY.CHL.chlor_a.4km.nc,2023-10-07,5976,0.3206402546488011
AQUA_MODIS.20231008.L3m.DAY.CHL.chlor_a.4km.nc,2023-10-08,6023,0.32078712092083106
AQUA_MODIS.20231009.L3m.DAY.CHL.chlor_a.4km.nc,2023-10-09,5988,0.38029209656387264
AQUA_MODIS.20231010.L3m.DAY.CHL.chlor_a.4km.nc,2023-10-10,6005,0.41963347830003117
AQUA_MODIS.20231011.L3m.DAY.CHL.chlor_a.4km.nc,2023-10-11,5970,0.46765390494241105
AQUA_MODIS.20231012.L3m.DAY.CHL.chlor_a.4km.nc,2023-10-12,5993,0.1806471049491995
AQUA_MODIS.20231013.L3m.DAY.CHL.chlor_a.4km.nc,2023-10-13,5971,0.7614818846940645
AQUA_MODIS.20231014.L3m.DAY.CHL.chlor_a.4km.nc,2023-10-14,5947,0.7095948934392088
AQUA_MODIS.20231015.L3m.DAY.CHL.chlor_a.4km.nc,2023-10-15,5970,0.14780671972977488
AQUA_MODIS.20231016.L3m.DAY.CHL.chlor_a.4km.nc,2023-10-16,6005,0.5558525508283133
AQUA_MODIS.20231017.L3m.DAY.CHL.chlor_a.4km.nc,2023-10-17,6029,0.3347154237556243
AQUA_MODIS.20231018.L3m.DAY.CHL.chlor_a.4km.nc,2023-10-18,6044,0.38366705929597306
AQUA_MODIS.20231019.L3m.DAY.CHL.chlor_a.4km.nc,2023-10-19,6000,0.2660643472071583
AQUA_MODIS.20231020.L3m.DAY.CHL.chlor_a.4km.nc,2023-10-20,5975,1.797754414876302
AQUA_MODIS.20231021.L3m.DAY.CHL.chlor_a.4km.nc,2023-10-21,5962,0.25848064562427364
AQUA_MODIS.20231022.L3m.DAY.CHL.chlor_a.4km.nc,2023-10-22,6006,0.3406384611782962
AQUA_MODIS.20231023.L3m.DAY.CHL.chlor_a.4km.nc,2023-10-23,6005,0.4195577788723433
AQUA_MODIS.20231024.L3m.DAY.CHL.chlor_a.4km.nc,2023-10-24,6037,0.17954941951867306
AQUA_MODIS.20231025.L3m.DAY.CHL.chlor_a.4km.nc,2023-10-25,6046,0.47264399694789705
AQUA_MODIS.20231026.L3m.DAY.CHL.chlor_a.4km.nc,2023-10-26,6048,0.2894642406147564
AQUA_MODIS.20231027.L3m.DAY.CHL.chlor_a.4km.nc,2023-10-27,6051,0.697041113771985
AQUA_MODIS.20231028.L3m.DAY.CHL.chlor_a.4km.nc,2023-10-28,6028,0.33715846806328
AQUA_MODIS.20231029.L3m.DAY.CHL.chlor_a.4km.nc,2023-10-29,6001,0.42442762908212384
AQUA_MODIS.20231030.L3m.DAY.CHL.chlor_a.4km.nc,2023-10-30,5967,0.41412242388377346
AQUA_MODIS.20231031.L3m.DAY.CHL.chlor_a.4km.nc,2023-10-31,5967,0.22182845045361863
AQUA_MODIS.20231101.L3m.DAY.CHL.chlor_a.4km.nc,2023-11-01,5936,0.837141159763146
AQUA_MODIS.20231102.L3m.DAY.CHL.chlor_a.4km.nc,2023-11-02,5935,0.3721657587665457
AQUA_MODIS.20231103.L3m.DAY.CHL.chlor_a.4km.nc,2023-11-03,5957,0.1348361372947693
AQUA_MODIS.20231104.L3m.DAY.CHL.chlor_a.4km.nc,2023-11-04,5959,0.41179254968224904
AQUA_MODIS.20231105.L3m.DAY.CHL.chlor_a.4km.nc,2023-11-05,5910,0.2582752244392916
AQUA_MODIS.20231106.L3m.DAY.CHL.chlor_a.4km.nc,2023-11-06,5797,0.5881385514553095
AQUA_MODIS.20231107.L3m.DAY.CHL.chlor_a.4km.nc,2023-11-07,5820,0.2557559907718475
AQUA_MODIS.20231108.L3m.DAY.CHL.chlor_a.4km.nc,2023-11-08,5816,0.7658883112598154
AQUA_MODIS.20231109.L3m.DAY.CHL.chlor_a.4km.nc,2023-11-09,5834,0.3339759218394077
AQUA_MODIS.20231110.L3m.DAY.CHL.chlor_a.4km.nc,2023-11-10,5849,0.22327421392713273
AQUA_MODIS.20231111.L3m.DAY.CHL.chlor_a.4km.nc,2023-11-11,5890,0.26425860765853576
AQUA_MODIS.20231112.L3m.DAY.CHL.chlor_a.4km.nc,2023-11-12,5877,0.215328886702254
AQUA_MODIS.20231113.L3m.DAY.CHL.chlor_a.4km.nc,2023-11-13,5850,0.8709418352912454
AQUA_MODIS.20231114.L3m.DAY.CHL.chlor_a.4km.nc,2023-11-14,5857,0.3315621281301738
AQUA_MODIS.20231115.L3m.DAY.CHL.chlor_a.4km.nc,2023-11-15,5879,2.240695112179487
AQUA_MODIS.20231116.L3m.DAY.CHL.chlor_a.4km.nc,2023-11-16,5930,0.3106394248505694
AQUA_MODIS.20231117.L3m.DAY.CHL.chlor_a.4km.nc,2023-11-17,5994,0.16963616432799133
AQUA_MODIS.20231118.L3m.DAY.CHL.chlor_a.4km.nc,2023-11-18,6030,0.3930588238616717
AQUA_MODIS.20231119.L3m.DAY.CHL.chlor_a.4km.nc,2023-11-19,6023,0.20917274951934814
AQUA_MODIS.20231120.L3m.DAY.CHL.chlor_a.4km.nc,2023-11-20,6047,0.43276435250276235
AQUA_MODIS.20231121.L3m.DAY.CHL.chlor_a.4km.nc,2023-11-21,5994,0.1959384591739661
AQUA_MODIS.20231122.L3m.DAY.CHL.chlor_a.4km.nc,2023-11-22,5972,0.04637882113456726
AQUA_MODIS.20231123.L3m.DAY.CHL.chlor_a.4km.nc,2023-11-23,5978,0.40821125501097033
AQUA_MODIS.20231124.L3m.DAY.CHL.chlor_a.4km.nc,2023-11-24,6016,0.3046067675357272
AQUA_MODIS.20231125.L3m.DAY.CHL.chlor_a.4km.nc,2023-11-25,5867,0.862224229737353
AQUA_MODIS.20231126.L3m.DAY.CHL.chlor_a.4km.nc,2023-11-26,5858,0.15754055545262718
AQUA_MODIS.20231127.L3m.DAY.CHL.chlor_a.4km.nc,2023-11-27,5880,1.0558590351290604
AQUA_MODIS.20231128.L3m.DAY.CHL.chlor_a.4km.nc,2023-11-28,5849,0.17584471683578187
AQUA_MODIS.20231129.L3m.DAY.CHL.chlor_a.4km.nc,2023-11-29,5870,0.12939368123593536
AQUA_MODIS.20231130.L3m.DAY.CHL.chlor_a.4km.nc,2023-11-30,5872,0.7870667285295163
AQUA_MODIS.20231201.L3m.DAY.CHL.chlor_a.4km.nc,2023-12-01,5807,0.12527522453073026
AQUA_MODIS.20231202.L3m.DAY.CHL.chlor_a.4km.nc,2023-12-02,5699,0.6112264312042479
AQUA_MODIS.20231203.L3m.DAY.CHL.chlor_a.4km.nc,2023-12-03,5851,0.8243662951571757
AQUA_MODIS.20231204.L3m.DAY.CHL.chlor_a.4km.nc,2023-12-04,5874,0.6351168489040593
AQUA_MODIS.20231205.L3m.DAY.CHL.chlor_a.4km.nc,2023-12-05,5884,0.3161611576891261
AQUA_MODIS.20231206.L3m.DAY.CHL.chlor_a.4km.nc,2023-12-06,5945,0.218717910304214
AQUA_MODIS.20231207.L3m.DAY.CHL.chlor_a.4km.nc,2023-12-07,5970,0.19107716274430095
AQUA_MODIS.20231208.L3m.DAY.CHL.chlor_a.4km.nc,2023-12-08,5977,0.1676267883241924
AQUA_MODIS.20231209.L3m.DAY.CHL.chlor_a.4km.nc,2023-12-09,5977,0.32518157958984373
AQUA_MODIS.20231210.L3m.DAY.CHL.chlor_a.4km.nc,2023-12-10,5984,0.11579794353908962
AQUA_MODIS.20231211.L3m.DAY.CHL.chlor_a.4km.nc,2023-12-11,5967,
AQUA_MODIS.20231212.L3m.DAY.CHL.chlor_a.4km.nc,2023-12-12,5923,0.34773487028142824
AQUA_MODIS.20231213.L3m.DAY.CHL.chlor_a.4km.nc,2023-12-13,5890,0.16212939400958198
AQUA_MODIS.20231214.L3m.DAY.CHL.chlor_a.4km.nc,2023-12-14,5859,0.45997235047928686
AQUA_MODIS.20231215.L3m.DAY.CHL.chlor_a.4km.nc,2023-12-15,5866,0.26270770529324516
AQUA_MODIS.20231216.L3m.DAY.CHL.chlor_a.4km.nc,2023-12-16,5819,0.8415396085349462
AQUA_MODIS.20231217.L3m.DAY.CHL.chlor_a.4km.nc,2023-12-17,5811,0.20409669267370345
AQUA_MODIS.20231218.L3m.DAY.CHL.chlor_a.4km.nc,2023-12-18,5717,0.13011375069618225
AQUA_MODIS.20231219.L3m.DAY.CHL.chlor_a.4km.nc,2023-12-19,5793,0.3151538310462443
AQUA_MODIS.20231220.L3m.DAY.CHL.chlor_a.4km.nc,2023-12-20,5834,0.0888747527049138
AQUA_MODIS.20231221.L3m.DAY.CHL.chlor_a.4km.nc,2023-12-21,5887,0.8036017680698887
AQUA_MODIS.20231222.L3m.DAY.CHL.chlor_a.4km.nc,2023-12-22,5893,0.4160941143078369
AQUA_MODIS.20231223.L3m.DAY.CHL.chlor_a.4km.nc,2023-12-23,5914,1.2213970736799569
AQUA_MODIS.20231224.L3m.DAY.CHL.chlor_a.4km.nc,2023-12-24,5925,0.23811292967561246
AQUA_MODIS.20231225.L3m.DAY.CHL.chlor_a.4km.nc,2023-12-25,5933,0.1497746189793309
AQUA_MODIS.20231226.L3m.DAY.CHL.chlor_a.4km.nc,2023-12-26,5935,0.35923412726655574
AQUA_MODIS.20231227.L3m.DAY.CHL.chlor_a.4km.nc,2023-12-27,5932,0.3856814227526701
AQUA_MODIS.20231228.L3m.DAY.CHL.chlor_a.4km.nc,2023-12-28,5840,1.0310775902157738
AQUA_MODIS.20231229.L3m.DAY.CHL.chlor_a.4km.nc,2023-12-29,5820,0.3769382612731511
AQUA_MODIS.20231230.L3m.DAY.CHL.chlor_a.4km.nc,2023-12-30,5829,0.08318102637002635
AQUA_MODIS.20231231.L3m.DAY.CHL.chlor_a.4km.nc,2023-12-31,5847,1.145934950242387
AQUA_MODIS.20240101.L3m.DAY.CHL.chlor_a.4km.nc,2024-01-01,5896,0.3296438455581665
AQUA_MODIS.20240102.L3m.DAY.CHL.chlor_a.4km.nc,2024-01-02,5945,1.5980565259214257
AQUA_MODIS.20240103.L3m.DAY.CHL.chlor_a.4km.nc,2024-01-03,5933,0.8300836025140225
AQUA_MODIS.20240104.L3m.DAY.CHL.chlor_a.4km.nc,2024-01-04,5852,1.4989740032039276
AQUA_MODIS.20240105.L3m.DAY.CHL.chlor_a.4km.nc,2024-01-05,5842,0.8453064163396633
AQUA_MODIS.20240106.L3m.DAY.CHL.chlor_a.4km.nc,2024-01-06,5875,0.09897576059613909
AQUA_MODIS.20240107.L3m.DAY.CHL.chlor_a.4km.nc,2024-01-07,5884,0.5279024679095354
AQUA_MODIS.20240108.L3m.DAY.CHL.chlor_a.4km.nc,2024-01-08,5883,0.3426207283876148
AQUA_MODIS.20240109.L3m.DAY.CHL.chlor_a.4km.nc,2024-01-09,5894,0.9179272798358783
AQUA_MODIS.20240110.L3m.DAY.CHL.chlor_a.4km.nc,2024-01-10,5908,0.20933811120020887
AQUA_MODIS.20240111.L3m.DAY.CHL.chlor_a.4km.nc,2024-01-11,5889,1.5226460610304924
AQUA_MODIS.20240112.L3m.DAY.CHL.chlor_a.4km.nc,2024-01-12,5861,0.36455988425354086
AQUA_MODIS.20240113.L3m.DAY.CHL.chlor_a.4km.nc,2024-01-13,5846,
AQUA_MODIS.20240114.L3m.DAY.CHL.chlor_a.4km.nc,2024-01-14,5884,0.7465204057560746
AQUA_MODIS.20240115.L3m.DAY.CHL.chlor_a.4km.nc,2024-01-15,5936,0.5566059089495201
AQUA_MODIS.20240116.L3m.DAY.CHL.chlor_a.4km.nc,2024-01-16,5905,1.3496805826822917
AQUA_MODIS.20240117.L3m.DAY.CHL.chlor_a.4km.nc,2024-01-17,5913,0.3925555714686254
AQUA_MODIS.20240118.L3m.DAY.CHL.chlor_a.4km.nc,2024-01-18,5910,0.1993776261806488
AQUA_MODIS.20240119.L3m.DAY.CHL.chlor_a.4km.nc,2024-01-19,5936,0.6323371573331714
AQUA_MODIS.20240120.L3m.DAY.CHL.chlor_a.4km.nc,2024-01-20,5941,0.28486625599878335
AQUA_MODIS.20240121.L3m.DAY.CHL.chlor_a.4km.nc,2024-01-21,5931,0.6780343136373196
AQUA_MODIS.20240122.L3m.DAY.CHL.chlor_a.4km.nc,2024-01-22,5943,0.41581893952268056
AQUA_MODIS.20240123.L3m.DAY.CHL.chlor_a.4km.nc,2024-01-23,5866,1.217029172309776
AQUA_MODIS.20240124.L3m.DAY.CHL.chlor_a.4km.nc,2024-01-24,5876,0.22516759347707424
AQUA_MODIS.20240125.L3m.DAY.CHL.chlor_a.4km.nc,2024-01-25,5888,
AQUA_MODIS.20240126.L3m.DAY.CHL.chlor_a.4km.nc,2024-01-26,5860,0.19491665198398325
AQUA_MODIS.20240127.L3m.DAY.CHL.chlor_a.4km.nc,2024-01-27,5887,0.33613759244691005
AQUA_MODIS.20240128.L3m.DAY.CHL.chlor_a.4km.nc,2024-01-28,5883,0.7843423264989743
AQUA_MODIS.20240129.L3m.DAY.CHL.chlor_a.4km.nc,2024-01-29,5921,0.16926837023221922
AQUA_MODIS.20240130.L3m.DAY.CHL.chlor_a.4km.nc,2024-01-30,5979,0.2058159883823567
AQUA_MODIS.20240131.L3m.DAY.CHL.chlor_a.4km.nc,2024-01-31,6007,0.29606848708685074
AQUA_MODIS.20240201.L3m.DAY.CHL.chlor_a.4km.nc,2024-02-01,6032,0.4777950831452399
AQUA_MODIS.20240202.L3m.DAY.CHL.chlor_a.4km.nc,2024-02-02,6023,0.5922367784620126
AQUA_MODIS.20240203.L3m.DAY.CHL.chlor_a.4km.nc,2024-02-03,6017,0.26202940841574957
AQUA_MODIS.20240204.L3m.DAY.CHL.chlor_a.4km.nc,2024-02-04,6022,0.937397140423304
AQUA_MODIS.20240205.L3m.DAY.CHL.chlor_a.4km.nc,2024-02-05,5985,0.2675222345545516
AQUA_MODIS.20240206.L3m.DAY.CHL.chlor_a.4km.nc,2024-02-06,5945,0.1373409174593657
AQUA_MODIS.20240207.L3m.DAY.CHL.chlor_a.4km.nc,2024-02-07,5942,0.4743519128876098
AQUA_MODIS.20240208.L3m.DAY.CHL.chlor_a.4km.nc,2024-02-08,5952,0.5440349068177592
AQUA_MODIS.20240209.L3m.DAY.CHL.chlor_a.4km.nc,2024-02-09,5977,0.8906904466914067
AQUA_MODIS.20240210.L3m.DAY.CHL.chlor_a.4km.nc,2024-02-10,5958,0.8635338509436881
AQUA_MODIS.20240211.L3m.DAY.CHL.chlor_a.4km.nc,2024-02-11,5890,1.1624592924696646
AQUA_MODIS.20240212.L3m.DAY.CHL.chlor_a.4km.nc,2024-02-12,5838,0.6737147426329677
AQUA_MODIS.20240213.L3m.DAY.CHL.chlor_a.4km.nc,2024-02-13,5802,0.31225188684042304
AQUA_MODIS.20240214.L3m.DAY.CHL.chlor_a.4km.nc,2024-02-14,5779,0.6192067853407816
AQUA_MODIS.20240215.L3m.DAY.CHL.chlor_a.4km.nc,2024-02-15,5801,0.5356592477164487
AQUA_MODIS.20240216.L3m.DAY.CHL.chlor_a.4km.nc,2024-02-16,5776,
AQUA_MODIS.20240217.L3m.DAY.CHL.chlor_a.4km.nc,2024-02-17,5754,0.3639870835400794
AQUA_MODIS.20240218.L3m.DAY.CHL.chlor_a.4km.nc,2024-02-18,5797,0.5943847858436853
AQUA_MODIS.20240219.L3m.DAY.CHL.chlor_a.4km.nc,2024-02-19,5843,1.11401003441949
AQUA_MODIS.20240220.L3m.DAY.CHL.chlor_a.4km.nc,2024-02-20,5857,0.3774826376566556
AQUA_MODIS.20240221.L3m.DAY.CHL.chlor_a.4km.nc,2024-02-21,5846,0.898876404494382
AQUA_MODIS.20240222.L3m.DAY.CHL.chlor_a.4km.nc,2024-02-22,5823,1.0293752596178425
AQUA_MODIS.20240223.L3m.DAY.CHL.chlor_a.4km.nc,2024-02-23,5872,1.0365618888526726
AQUA_MODIS.20240224.L3m.DAY.CHL.chlor_a.4km.nc,2024-02-24,5889,0.7228481261383894
AQUA_MODIS.20240225.L3m.DAY.CHL.chlor_a.4km.nc,2024-02-25,5869,0.9373178737048797
AQUA_MODIS.20240226.L3m.DAY.CHL.chlor_a.4km.nc,2024-02-26,5850,0.3576176668553233
AQUA_MODIS.20240227.L3m.DAY.CHL.chlor_a.4km.nc,2024-02-27,5868,0.7604228845974282
AQUA_MODIS.20240228.L3m.DAY.CHL.chlor_a.4km.nc,2024-02-28,5869,1.0394433253632456
AQUA_MODIS.20240229.L3m.DAY.CHL.chlor_a.4km.nc,2024-02-29,5879,0.19207069950200253
AQUA_MODIS.20240301.L3m.DAY.CHL.chlor_a.4km.nc,2024-03-01,5892,0.5475111883789457
AQUA_MODIS.20240302.L3m.DAY.CHL.chlor_a.4km.nc,2024-03-02,5921,0.4206643086293776
AQUA_MODIS.20240303.L3m.DAY.CHL.chlor_a.4km.nc,2024-03-03,5922,1.0783506839805408
AQUA_MODIS.20240304.L3m.DAY.CHL.chlor_a.4km.nc,2024-03-04,5863,0.42503872655506897
AQUA_MODIS.20240305.L3m.DAY.CHL.chlor_a.4km.nc,2024-03-05,5842,0.25221509073522197
AQUA_MODIS.20240306.L3m.DAY.CHL.chlor_a.4km.nc,2024-03-06,5862,0.5822459720178325
AQUA_MODIS.20240307.L3m.DAY.CHL.chlor_a.4km.nc,2024-03-07,5899,0.4977202730065019
AQUA_MODIS.20240308.L3m.DAY.CHL.chlor_a.4km.nc,2024-03-08,5920,0.7115106246373107
AQUA_MODIS.20240309.L3m.DAY.CHL.chlor_a.4km.nc,2024-03-09,5936,1.305444079290422
AQUA_MODIS.20240310.L3m.DAY.CHL.chlor_a.4km.nc,2024-03-10,5945,1.5483693979872575
AQUA_MODIS.20240311.L3m.DAY.CHL.chlor_a.4km.nc,2024-03-11,5961,1.2052754533725831
AQUA_MODIS.20240312.L3m.DAY.CHL.chlor_a.4km.nc,2024-03-12,5970,2.203053304593857
AQUA_MODIS.20240313.L3m.DAY.CHL.chlor_a.4km.nc,2024-03-13,5968,0.630253757338926
AQUA_MODIS.20240314.L3m.DAY.CHL.chlor_a.4km.nc,2024-03-14,5947,3.067769835703723
AQUA_MODIS.20240315.L3m.DAY.CHL.chlor_a.4km.nc,2024-03-15,5963,1.3529049216498559
AQUA_MODIS.20240316.L3m.DAY.CHL.chlor_a.4km.nc,2024-03-16,5981,1.6982292452321948
AQUA_MODIS.20240317.L3m.DAY.CHL.chlor_a.4km.nc,2024-03-17,5990,0.7698350724707154
AQUA_MODIS.20240318.L3m.DAY.CHL.chlor_a.4km.nc,2024-03-18,5971,0.7937715704040023
AQUA_MODIS.20240319.L3m.DAY.CHL.chlor_a.4km.nc,2024-03-19,5967,0.12131762396867941
AQUA_MODIS.20240320.L3m.DAY.CHL.chlor_a.4km.nc,2024-03-20,5953,1.5481516473562098
AQUA_MODIS.20240321.L3m.DAY.CHL.chlor_a.4km.nc,2024-03-21,5907,1.4044396626084386
AQUA_MODIS.20240322.L3m.DAY.CHL.chlor_a.4km.nc,2024-03-22,5919,1.8552861380769878
AQUA_MODIS.20240323.L3m.DAY.CHL.chlor_a.4km.nc,2024-03-23,5946,
AQUA_MODIS.20240324.L3m.DAY.CHL.chlor_a.4km.nc,2024-03-24,5777,
AQUA_MODIS.20240325.L3m.DAY.CHL.chlor_a.4km.nc,2024-03-25,5672,
AQUA_MODIS.20240326.L3m.DAY.CHL.chlor_a.4km.nc,2024-03-26,5796,0.8950334940514298
AQUA_MODIS.20240327.L3m.DAY.CHL.chlor_a.4km.nc,2024-03-27,5816,0.9249391558499289
AQUA_MODIS.20240328.L3m.DAY.CHL.chlor_a.4km.nc,2024-03-28,5795,1.1347122333302548
AQUA_MODIS.20240329.L3m.DAY.CHL.chlor_a.4km.nc,2024-03-29,5841,0.6382846144972755
AQUA_MODIS.20240330.L3m.DAY.CHL.chlor_a.4km.nc,2024-03-30,5856,0.9383410627531966
AQUA_MODIS.20240331.L3m.DAY.CHL.chlor_a.4km.nc,2024-03-31,5878,1.1578665489007618
AQUA_MODIS.20240401.L3m.DAY.CHL.chlor_a.4km.nc,2024-04-01,5872,0.7068103004507899
AQUA_MODIS.20240402.L3m.DAY.CHL.chlor_a.4km.nc,2024-04-02,5918,0.23342344429429882
AQUA_MODIS.20240403.L3m.DAY.CHL.chlor_a.4km.nc,2024-04-03,5938,0.9131770361748728
AQUA_MODIS.20240404.L3m.DAY.CHL.chlor_a.4km.nc,2024-04-04,5959,0.8644464065039275
AQUA_MODIS.20240405.L3m.DAY.CHL.chlor_a.4km.nc,2024-04-05,5957,0.8001356298998258
AQUA_MODIS.20240406.L3m.DAY.CHL.chlor_a.4km.nc,2024-04-06,5951,0.8034954952458371
AQUA_MODIS.20240407.L3m.DAY.CHL.chlor_a.4km.nc,2024-04-07,5922,0.4913873094737861
AQUA_MODIS.20240408.L3m.DAY.CHL.chlor_a.4km.nc,2024-04-08,5903,1.1304858223112095
AQUA_MODIS.20240409.L3m.DAY.CHL.chlor_a.4km.nc,2024-04-09,5920,0.2682173064411191
AQUA_MODIS.20240410.L3m.DAY.CHL.chlor_a.4km.nc,2024-04-10,5928,0.3396717257400123
AQUA_MODIS.20240411.L3m.DAY.CHL.chlor_a.4km.nc,2024-04-11,5949,1.0647424523305085
AQUA_MODIS.20240412.L3m.DAY.CHL.chlor_a.4km.nc,2024-04-12,5961,1.306453917290108
AQUA_MODIS.20240413.L3m.DAY.CHL.chlor_a.4km.nc,2024-04-13,5960,0.9587747851982421
AQUA_MODIS.20240414.L3m.DAY.CHL.chlor_a.4km.nc,2024-04-14,5912,0.6385948382514662
AQUA_MODIS.20240415.L3m.DAY.CHL.chlor_a.4km.nc,2024-04-15,5914,0.7693347332831767
AQUA_MODIS.20240416.L3m.DAY.CHL.chlor_a.4km.nc,2024-04-16,5869,0.6375092125160383
AQUA_MODIS.20240417.L3m.DAY.CHL.chlor_a.4km.nc,2024-04-17,5875,0.5006430390140859
AQUA_MODIS.20240418.L3m.DAY.CHL.chlor_a.4km.nc,2024-04-18,5882,1.057288111534452
AQUA_MODIS.20240419.L3m.DAY.CHL.chlor_a.4km.nc,2024-04-19,5891,1.0885304329392782
AQUA_MODIS.20240420.L3m.DAY.CHL.chlor_a.4km.nc,2024-04-20,5885,1.4417012390146213
AQUA_MODIS.20240421.L3m.DAY.CHL.chlor_a.4km.nc,2024-04-21,5916,1.0351278682903322
AQUA_MODIS.20240422.L3m.DAY.CHL.chlor_a.4km.nc,2024-04-22,5865,0.9024882039598984
AQUA_MODIS.20240423.L3m.DAY.CHL.chlor_a.4km.nc,2024-04-23,5869,0.2092123047992988
AQUA_MODIS.20240424.L3m.DAY.CHL.chlor_a.4km.nc,2024-04-24,5884,0.15853560323867277
AQUA_MODIS.20240425.L3m.DAY.CHL.chlor_a.4km.nc,2024-04-25,5880,0.6588085090973392
AQUA_MODIS.20240426.L3m.DAY.CHL.chlor_a.4km.nc,2024-04-26,5903,1.0023949804927736
AQUA_MODIS.20240427.L3m.DAY.CHL.chlor_a.4km.nc,2024-04-27,5899,0.5814255296441464
AQUA_MODIS.20240428.L3m.DAY.CHL.chlor_a.4km.nc,2024-04-28,5945,1.3879415735437257
AQUA_MODIS.20240429.L3m.DAY.CHL.chlor_a.4km.nc,2024-04-29,5934,0.4566531526199495
AQUA_MODIS.20240430.L3m.DAY.CHL.chlor_a.4km.nc,2024-04-30,5949,0.7766158256289525
AQUA_MODIS.20240501.L3m.DAY.CHL.chlor_a.4km.nc,2024-05-01,5931,0.8415522752102003
AQUA_MODIS.20240502.L3m.DAY.CHL.chlor_a.4km.nc,2024-05-02,5949,0.9840726064283278
AQUA_MODIS.20240503.L3m.DAY.CHL.chlor_a.4km.nc,2024-05-03,5934,1.3104724212965795
AQUA_MODIS.20240504.L3m.DAY.CHL.chlor_a.4km.nc,2024-05-04,5938,1.458816417588897
AQUA_MODIS.20240505.L3m.DAY.CHL.chlor_a.4km.nc,2024-05-05,5935,0.8317913127443234
AQUA_MODIS.20240506.L3m.DAY.CHL.chlor_a.4km.nc,2024-05-06,5952,1.072386071001284
AQUA_MODIS.20240507.L3m.DAY.CHL.chlor_a.4km.nc,2024-05-07,5959,1.082126962907811
AQUA_MODIS.20240508.L3m.DAY.CHL.chlor_a.4km.nc,2024-05-08,5975,1.6185926600697556
AQUA_MODIS.20240509.L3m.DAY.CHL.chlor_a.4km.nc,2024-05-09,5950,2.9971230641460016
AQUA_MODIS.20240510.L3m.DAY.CHL.chlor_a.4km.nc,2024-05-10,5871,1.1173776317427657
AQUA_MODIS.20240511.L3m.DAY.CHL.chlor_a.4km.nc,2024-05-11,5416,1.1023074949216067
AQUA_MODIS.20240512.L3m.DAY.CHL.chlor_a.4km.nc,2024-05-12,5479,0.9595488858122363
AQUA_MODIS.20240513.L3m.DAY.CHL.chlor_a.4km.nc,2024-05-13,5632,3.0932568097561997
AQUA_MODIS.20240514.L3m.DAY.CHL.chlor_a.4km.nc,2024-05-14,5716,1.9350726404841134
AQUA_MODIS.20240515.L3m.DAY.CHL.chlor_a.4km.nc,2024-05-15,5720,0.6461183088099062
AQUA_MODIS.20240516.L3m.DAY.CHL.chlor_a.4km.nc,2024-05-16,5727,1.2594562303742785
AQUA_MODIS.20240517.L3m.DAY.CHL.chlor_a.4km.nc,2024-05-17,5755,1.306561695225832
AQUA_MODIS.20240518.L3m.DAY.CHL.chlor_a.4km.nc,2024-05-18,5691,
AQUA_MODIS.20240519.L3m.DAY.CHL.chlor_a.4km.nc,2024-05-19,5685,1.615779369662267
AQUA_MODIS.20240520.L3m.DAY.CHL.chlor_a.4km.nc,2024-05-20,5762,1.490771937536253
AQUA_MODIS.20240521.L3m.DAY.CHL.chlor_a.4km.nc,2024-05-21,5749,3.405962549277267
AQUA_MODIS.20240522.L3m.DAY.CHL.chlor_a.4km.nc,2024-05-22,5757,4.7019959207459205
AQUA_MODIS.20240523.L3m.DAY.CHL.chlor_a.4km.nc,2024-05-23,5745,
AQUA_MODIS.20240524.L3m.DAY.CHL.chlor_a.4km.nc,2024-05-24,5765,0.9190412891584766
AQUA_MODIS.20240525.L3m.DAY.CHL.chlor_a.4km.nc,2024-05-25,5811,1.6959909629487742
AQUA_MODIS.20240526.L3m.DAY.CHL.chlor_a.4km.nc,2024-05-26,5835,1.1392499597941461
AQUA_MODIS.20240527.L3m.DAY.CHL.chlor_a.4km.nc,2024-05-27,5831,
AQUA_MODIS.20240528.L3m.DAY.CHL.chlor_a.4km.nc,2024-05-28,5795,3.3279678921412157
AQUA_MODIS.20240529.L3m.DAY.CHL.chlor_a.4km.nc,2024-05-29,5784,2.1066927783378135
AQUA_MODIS.20240530.L3m.DAY.CHL.chlor_a.4km.nc,2024-05-30,5815,4.028252259364112
AQUA_MODIS.20240531.L3m.DAY.CHL.chlor_a.4km.nc,2024-05-31,5856,1.5395623104441458
AQUA_MODIS.20240601.L3m.DAY.CHL.chlor_a.4km.nc,2024-06-01,5842,1.5532423418972332
AQUA_MODIS.20240602.L3m.DAY.CHL.chlor_a.4km.nc,2024-06-02,5825,2.3592253580424085
AQUA_MODIS.20240603.L3m.DAY.CHL.chlor_a.4km.nc,2024-06-03,5848,0.4023638125532536
AQUA_MODIS.20240604.L3m.DAY.CHL.chlor_a.4km.nc,2024-06-04,5842,5.358878813823163
AQUA_MODIS.20240605.L3m.DAY.CHL.chlor_a.4km.nc,2024-06-05,5854,0.9356464725583405
AQUA_MODIS.20240606.L3m.DAY.CHL.chlor_a.4km.nc,2024-06-06,5816,1.0040661183927342
AQUA_MODIS.20240607.L3m.DAY.CHL.chlor_a.4km.nc,2024-06-07,5852,2.525474727966233
AQUA_MODIS.20240608.L3m.DAY.CHL.chlor_a.4km.nc,2024-06-08,5889,1.2293410946581789
AQUA_MODIS.20240609.L3m.DAY.CHL.chlor_a.4km.nc,2024-06-09,5903,0.9328446237664474
AQUA_MODIS.20240610.L3m.DAY.CHL.chlor_a.4km.nc,2024-06-10,5906,4.829578156166888
AQUA_MODIS.20240611.L3m.DAY.CHL.chlor_a.4km.nc,2024-06-11,5900,2.2971245049821154
AQUA_MODIS.20240612.L3m.DAY.CHL.chlor_a.4km.nc,2024-06-12,5924,5.240972584691541
AQUA_MODIS.20240613.L3m.DAY.CHL.chlor_a.4km.nc,2024-06-13,5945,0.8470286014708371
AQUA_MODIS.20240614.L3m.DAY.CHL.chlor_a.4km.nc,2024-06-14,5948,2.009949460803953
AQUA_MODIS.20240615.L3m.DAY.CHL.chlor_a.4km.nc,2024-06-15,5934,0.4138516453217257
AQUA_MODIS.20240616.L3m.DAY.CHL.chlor_a.4km.nc,2024-06-16,5832,0.830550448995241
AQUA_MODIS.20240617.L3m.DAY.CHL.chlor_a.4km.nc,2024-06-17,5834,1.2525995173386677
AQUA_MODIS.20240618.L3m.DAY.CHL.chlor_a.4km.nc,2024-06-18,5864,0.25116754596424196
AQUA_MODIS.20240619.L3m.DAY.CHL.chlor_a.4km.nc,2024-06-19,5907,2.647899120529263
AQUA_MODIS.20240620.L3m.DAY.CHL.chlor_a.4km.nc,2024-06-20,5940,0.6770294612655287
AQUA_MODIS.20240621.L3m.DAY.CHL.chlor_a.4km.nc,2024-06-21,5962,2.695298983564014
AQUA_MODIS.20240622.L3m.DAY.CHL.chlor_a.4km.nc,2024-06-22,5982,1.7661151726554536
AQUA_MODIS.20240623.L3m.DAY.CHL.chlor_a.4km.nc,2024-06-23,5997,1.350966756109404
AQUA_MODIS.20240624.L3m.DAY.CHL.chlor_a.4km.nc,2024-06-24,5973,0.8370741082095671
AQUA_MODIS.20240625.L3m.DAY.CHL.chlor_a.4km.nc,2024-06-25,5960,0.4928113390515734
AQUA_MODIS.20240626.L3m.DAY.CHL.chlor_a.4km.nc,2024-06-26,5933,1.055272235292377
AQUA_MODIS.20240627.L3m.DAY.CHL.chlor_a.4km.nc,2024-06-27,5891,1.178400431734214
AQUA_MODIS.20240628.L3m.DAY.CHL.chlor_a.4km.nc,2024-06-28,5890,0.16924128267500135
AQUA_MODIS.20240629.L3m.DAY.CHL.chlor_a.4km.nc,2024-06-29,5868,0.514913932949889
AQUA_MODIS.20240630.L3m.DAY.CHL.chlor_a.4km.nc,2024-06-30,5915,0.5449870834020061
AQUA_MODIS.20240701.L3m.DAY.CHL.chlor_a.4km.nc,2024-07-01,5934,0.6749222790065752
AQUA_MODIS.20240702.L3m.DAY.CHL.chlor_a.4km.nc,2024-07-02,5979,0.7994004437970217
AQUA_MODIS.20240703.L3m.DAY.CHL.chlor_a.4km.nc,2024-07-03,6014,1.3699158595484184
AQUA_MODIS.20240704.L3m.DAY.CHL.chlor_a.4km.nc,2024-07-04,5982,0.6011020136050077
AQUA_MODIS.20240705.L3m.DAY.CHL.chlor_a.4km.nc,2024-07-05,5959,0.7308023544299518
AQUA_MODIS.20240706.L3m.DAY.CHL.chlor_a.4km.nc,2024-07-06,5982,1.0894914261386237
AQUA_MODIS.20240707.L3m.DAY.CHL.chlor_a.4km.nc,2024-07-07,5969,0.5996776260259412
AQUA_MODIS.20240708.L3m.DAY.CHL.chlor_a.4km.nc,2024-07-08,5963,0.8389680211445883
AQUA_MODIS.20240709.L3m.DAY.CHL.chlor_a.4km.nc,2024-07-09,5986,0.9648402402326807
AQUA_MODIS.20240710.L3m.DAY.CHL.chlor_a.4km.nc,2024-07-10,5999,1.200499004787869
AQUA_MODIS.20240711.L3m.DAY.CHL.chlor_a.4km.nc,2024-07-11,5982,0.6684137312967581
AQUA_MODIS.20240712.L3m.DAY.CHL.chlor_a.4km.nc,2024-07-12,5976,0.6680509305194577
AQUA_MODIS.20240713.L3m.DAY.CHL.chlor_a.4km.nc,2024-07-13,5988,1.1039116385538688
AQUA_MODIS.20240714.L3m.DAY.CHL.chlor_a.4km.nc,2024-07-14,5992,0.6876626256254313
AQUA_MODIS.20240715.L3m.DAY.CHL.chlor_a.4km.nc,2024-07-15,6004,0.723377269001612
AQUA_MODIS.20240716.L3m.DAY.CHL.chlor_a.4km.nc,2024-07-16,6018,0.6386752983420971
AQUA_MODIS.20240717.L3m.DAY.CHL.chlor_a.4km.nc,2024-07-17,6013,0.8783348491173664
AQUA_MODIS.20240718.L3m.DAY.CHL.chlor_a.4km.nc,2024-07-18,6030,1.7377729415893555
AQUA_MODIS.20240719.L3m.DAY.CHL.chlor_a.4km.nc,2024-07-19,6046,0.452049262700003
AQUA_MODIS.20240720.L3m.DAY.CHL.chlor_a.4km.nc,2024-07-20,6036,0.830168176035368
AQUA_MODIS.20240721.L3m.DAY.CHL.chlor_a.4km.nc,2024-07-21,6017,0.979794550268849
AQUA_MODIS.20240722.L3m.DAY.CHL.chlor_a.4km.nc,2024-07-22,6017,0.7163059062577015
AQUA_MODIS.20240723.L3m.DAY.CHL.chlor_a.4km.nc,2024-07-23,6031,0.9014745500201108
AQUA_MODIS.20240724.L3m.DAY.CHL.chlor_a.4km.nc,2024-07-24,5943,0.3295344180038864
AQUA_MODIS.20240725.L3m.DAY.CHL.chlor_a.4km.nc,2024-07-25,5960,0.6333563054873441
AQUA_MODIS.20240726.L3m.DAY.CHL.chlor_a.4km.nc,2024-07-26,5950,1.5143207310650177
AQUA_MODIS.20240727.L3m.DAY.CHL.chlor_a.4km.nc,2024-07-27,5960,0.4983383494763482
AQUA_MODIS.20240728.L3m.DAY.CHL.chlor_a.4km.nc,2024-07-28,5979,0.9178919286352801
AQUA_MODIS.20240729.L3m.DAY.CHL.chlor_a.4km.nc,2024-07-29,5976,0.5081075204350469
AQUA_MODIS.20240730.L3m.DAY.CHL.chlor_a.4km.nc,2024-07-30,5898,0.861715702656799
AQUA_MODIS.20240731.L3m.DAY.CHL.chlor_a.4km.nc,2024-07-31,5886,0.758169690848107
AQUA_MODIS.20240801.L3m.DAY.CHL.chlor_a.4km.nc,2024-08-01,5743,0.9093432248160302
AQUA_MODIS.20240802.L3m.DAY.CHL.chlor_a.4km.nc,2024-08-02,5755,0.40981089256675796
AQUA_MODIS.20240803.L3m.DAY.CHL.chlor_a.4km.nc,2024-08-03,5775,0.5871309553978713
AQUA_MODIS.20240804.L3m.DAY.CHL.chlor_a.4km.nc,2024-08-04,5790,0.3188099962599734
AQUA_MODIS.20240805.L3m.DAY.CHL.chlor_a.4km.nc,2024-08-05,5857,0.5783633005764605
AQUA_MODIS.20240806.L3m.DAY.CHL.chlor_a.4km.nc,2024-08-06,5879,0.5387502194522472
AQUA_MODIS.20240807.L3m.DAY.CHL.chlor_a.4km.nc,2024-08-07,5893,1.2100363366140658
AQUA_MODIS.20240808.L3m.DAY.CHL.chlor_a.4km.nc,2024-08-08,5900,0.7169046123258844
AQUA_MODIS.20240809.L3m.DAY.CHL.chlor_a.4km.nc,2024-08-09,5877,1.2207668352487406
AQUA_MODIS.20240810.L3m.DAY.CHL.chlor_a.4km.nc,2024-08-10,5901,0.8856119891320986
AQUA_MODIS.20240811.L3m.DAY.CHL.chlor_a.4km.nc,2024-08-11,5738,0.6067063485277404
AQUA_MODIS.20240812.L3m.DAY.CHL.chlor_a.4km.nc,2024-08-12,5688,1.0561355557333578
AQUA_MODIS.20240813.L3m.DAY.CHL.chlor_a.4km.nc,2024-08-13,5730,0.3527771388550934
AQUA_MODIS.20240814.L3m.DAY.CHL.chlor_a.4km.nc,2024-08-14,5818,0.7299031013724523
AQUA_MODIS.20240815.L3m.DAY.CHL.chlor_a.4km.nc,2024-08-15,5806,1.988182936420837
AQUA_MODIS.20240816.L3m.DAY.CHL.chlor_a.4km.nc,2024-08-16,5847,0.3744191126763992
AQUA_MODIS.20240817.L3m.DAY.CHL.chlor_a.4km.nc,2024-08-17,5849,0.4500854802313367
AQUA_MODIS.20240818.L3m.DAY.CHL.chlor_a.4km.nc,2024-08-18,5838,0.4188363005365322
AQUA_MODIS.20240819.L3m.DAY.CHL.chlor_a.4km.nc,2024-08-19,5863,0.39629904175542363
AQUA_MODIS.20240820.L3m.DAY.CHL.chlor_a.4km.nc,2024-08-20,5890,0.42702114264384256
AQUA_MODIS.20240821.L3m.DAY.CHL.chlor_a.4km.nc,2024-08-21,5947,0.6055668422154018
AQUA_MODIS.20240822.L3m.DAY.CHL.chlor_a.4km.nc,2024-08-22,5940,1.122936044199289
AQUA_MODIS.20240823.L3m.DAY.CHL.chlor_a.4km.nc,2024-08-23,5882,0.33701242939917947
AQUA_MODIS.20240824.L3m.DAY.CHL.chlor_a.4km.nc,2024-08-24,5908,0.3918682419835943
AQUA_MODIS.20240825.L3m.DAY.CHL.chlor_a.4km.nc,2024-08-25,5884,0.6275130878419556
AQUA_MODIS.20240826.L3m.DAY.CHL.chlor_a.4km.nc,2024-08-26,5917,0.7504669718198349
AQUA_MODIS.20240827.L3m.DAY.CHL.chlor_a.4km.nc,2024-08-27,5907,0.7346346701096121
AQUA_MODIS.20240828.L3m.DAY.CHL.chlor_a.4km.nc,2024-08-28,5904,0.23695112488663123
AQUA_MODIS.20240829.L3m.DAY.CHL.chlor_a.4km.nc,2024-08-29,5871,0.699363194166333
AQUA_MODIS.20240830.L3m.DAY.CHL.chlor_a.4km.nc,2024-08-30,5839,0.3984170412884078
AQUA_MODIS.20240831.L3m.DAY.CHL.chlor_a.4km.nc,2024-08-31,5862,0.6933114697433419
AQUA_MODIS.20240901.L3m.DAY.CHL.chlor_a.4km.nc,2024-09-01,5913,0.7420243627358764
AQUA_MODIS.20240902.L3m.DAY.CHL.chlor_a.4km.nc,2024-09-02,5937,0.33503453687475937
AQUA_MODIS.20240903.L3m.DAY.CHL.chlor_a.4km.nc,2024-09-03,5911,0.5273441369489846
AQUA_MODIS.20240904.L3m.DAY.CHL.chlor_a.4km.nc,2024-09-04,5910,0.27886728957970386
AQUA_MODIS.20240905.L3m.DAY.CHL.chlor_a.4km.nc,2024-09-05,5778,0.1921771696244163
AQUA_MODIS.20240906.L3m.DAY.CHL.chlor_a.4km.nc,2024-09-06,5710,0.30131794725890904
AQUA_MODIS.20240907.L3m.DAY.CHL.chlor_a.4km.nc,2024-09-07,5666,1.010538013599537
AQUA_MODIS.20240908.L3m.DAY.CHL.chlor_a.4km.nc,2024-09-08,5684,0.3958128665323546
AQUA_MODIS.20240909.L3m.DAY.CHL.chlor_a.4km.nc,2024-09-09,5650,0.2376036007163579
AQUA_MODIS.20240910.L3m.DAY.CHL.chlor_a.4km.nc,2024-09-10,5646,0.355532614405405
AQUA_MODIS.20240911.L3m.DAY.CHL.chlor_a.4km.nc,2024-09-11,5687,0.527329920364716
AQUA_MODIS.20240912.L3m.DAY.CHL.chlor_a.4km.nc,2024-09-12,5671,0.5759929258431962
AQUA_MODIS.20240913.L3m.DAY.CHL.chlor_a.4km.nc,2024-09-13,5644,0.720324652922974
AQUA_MODIS.20240914.L3m.DAY.CHL.chlor_a.4km.nc,2024-09-14,5661,0.43166310253629603
AQUA_MODIS.20240915.L3m.DAY.CHL.chlor_a.4km.nc,2024-09-15,5677,1.0157875548245614
AQUA_MODIS.20240916.L3m.DAY.CHL.chlor_a.4km.nc,2024-09-16,5679,0.7012438704768347
AQUA_MODIS.20240917.L3m.DAY.CHL.chlor_a.4km.nc,2024-09-17,5547,0.660978008471693
AQUA_MODIS.20240918.L3m.DAY.CHL.chlor_a.4km.nc,2024-09-18,5563,0.6320692695397392
AQUA_MODIS.20240919.L3m.DAY.CHL.chlor_a.4km.nc,2024-09-19,5572,0.25327243694680274
AQUA_MODIS.20240920.L3m.DAY.CHL.chlor_a.4km.nc,2024-09-20,5631,0.45609769140101475
AQUA_MODIS.20240921.L3m.DAY.CHL.chlor_a.4km.nc,2024-09-21,5664,0.38556148368597354
AQUA_MODIS.20240922.L3m.DAY.CHL.chlor_a.4km.nc,2024-09-22,5663,0.5598770665536245
AQUA_MODIS.20240923.L3m.DAY.CHL.chlor_a.4km.nc,2024-09-23,5684,0.1957322256905692
AQUA_MODIS.20240924.L3m.DAY.CHL.chlor_a.4km.nc,2024-09-24,5731,0.23657217793080998
AQUA_MODIS.20240925.L3m.DAY.CHL.chlor_a.4km.nc,2024-09-25,5704,0.3735647635238386
AQUA_MODIS.20240926.L3m.DAY.CHL.chlor_a.4km.nc,2024-09-26,5725,0.4375875696889671
AQUA_MODIS.20240927.L3m.DAY.CHL.chlor_a.4km.nc,2024-09-27,5749,0.6924626322678271
AQUA_MODIS.20240928.L3m.DAY.CHL.chlor_a.4km.nc,2024-09-28,5786,0.23717364479093517
AQUA_MODIS.20240929.L3m.DAY.CHL.chlor_a.4km.nc,2024-09-29,5800,0.5162705966979355
AQUA_MODIS.20240930.L3m.DAY.CHL.chlor_a.4km.nc,2024-09-30,5808,0.5120703306227126
AQUA_MODIS.20241001.L3m.DAY.CHL.chlor_a.4km.nc,2024-10-01,5788,0.34701466717815244
AQUA_MODIS.20241002.L3m.DAY.CHL.chlor_a.4km.nc,2024-10-02,5774,0.662609382465826
AQUA_MODIS.20241003.L3m.DAY.CHL.chlor_a.4km.nc,2024-10-03,5776,0.229473384734123
AQUA_MODIS.20241004.L3m.DAY.CHL.chlor_a.4km.nc,2024-10-04,5750,0.2975615498414234
AQUA_MODIS.20241005.L3m.DAY.CHL.chlor_a.4km.nc,2024-10-05,5780,0.4791432020877394
AQUA_MODIS.20241006.L3m.DAY.CHL.chlor_a.4km.nc,2024-10-06,5638,0.26918701072791956
AQUA_MODIS.20241007.L3m.DAY.CHL.chlor_a.4km.nc,2024-10-07,5492,0.389153596666001
AQUA_MODIS.20241008.L3m.DAY.CHL.chlor_a.4km.nc,2024-10-08,5516,0.3691259422495506
AQUA_MODIS.20241009.L3m.DAY.CHL.chlor_a.4km.nc,2024-10-09,5530,0.7363794805084496
AQUA_MODIS.20241010.L3m.DAY.CHL.chlor_a.4km.nc,2024-10-10,5479,0.4624878769881255
AQUA_MODIS.20241011.L3m.DAY.CHL.chlor_a.4km.nc,2024-10-11,5091,0.22232320907578199
AQUA_MODIS.20241012.L3m.DAY.CHL.chlor_a.4km.nc,2024-10-12,5281,0.5156653038588527
AQUA_MODIS.20241013.L3m.DAY.CHL.chlor_a.4km.nc,2024-10-13,5374,0.24161156301615566
AQUA_MODIS.20241014.L3m.DAY.CHL.chlor_a.4km.nc,2024-10-14,5484,0.7505660383668664
AQUA_MODIS.20241015.L3m.DAY.CHL.chlor_a.4km.nc,2024-10-15,5605,0.3969936628227232
AQUA_MODIS.20241016.L3m.DAY.CHL.chlor_a.4km.nc,2024-10-16,5644,0.36043370740860947
AQUA_MODIS.20241017.L3m.DAY.CHL.chlor_a.4km.nc,2024-10-17,5654,
AQUA_MODIS.20241018.L3m.DAY.CHL.chlor_a.4km.nc,2024-10-18,5669,0.23306200747791256
AQUA_MODIS.20241019.L3m.DAY.CHL.chlor_a.4km.nc,2024-10-19,5647,0.3325986137015018
AQUA_MODIS.20241020.L3m.DAY.CHL.chlor_a.4km.nc,2024-10-20,5682,0.3297681832493703
AQUA_MODIS.20241021.L3m.DAY.CHL.chlor_a.4km.nc,2024-10-21,5707,0.1738389021866805
AQUA_MODIS.20241022.L3m.DAY.CHL.chlor_a.4km.nc,2024-10-22,5747,0.6159002784425626
AQUA_MODIS.20241023.L3m.DAY.CHL.chlor_a.4km.nc,2024-10-23,5770,0.2682125686813187
AQUA_MODIS.20241024.L3m.DAY.CHL.chlor_a.4km.nc,2024-10-24,5788,0.31497334312674186
AQUA_MODIS.20241025.L3m.DAY.CHL.chlor_a.4km.nc,2024-10-25,5788,0.36131266741750884
AQUA_MODIS.20241026.L3m.DAY.CHL.chlor_a.4km.nc,2024-10-26,5799,0.21639996775770956
AQUA_MODIS.20241027.L3m.DAY.CHL.chlor_a.4km.nc,2024-10-27,5656,0.500963193983578
AQUA_MODIS.20241028.L3m.DAY.CHL.chlor_a.4km.nc,2024-10-28,5522,0.41257814269491144
AQUA_MODIS.20241029.L3m.DAY.CHL.chlor_a.4km.nc,2024-10-29,5383,0.5659000494664514
AQUA_MODIS.20241030.L3m.DAY.CHL.chlor_a.4km.nc,2024-10-30,5332,0.33426031607625556
AQUA_MODIS.20241031.L3m.DAY.CHL.chlor_a.4km.nc,2024-10-31,5262,0.1744744877792999
AQUA_MODIS.20241101.L3m.DAY.CHL.chlor_a.4km.nc,2024-11-01,5261,0.42809914939888133
AQUA_MODIS.20241102.L3m.DAY.CHL.chlor_a.4km.nc,2024-11-02,5302,0.20287918505086078
AQUA_MODIS.20241103.L3m.DAY.CHL.chlor_a.4km.nc,2024-11-03,5348,0.5296182641092475
AQUA_MODIS.20241104.L3m.DAY.CHL.chlor_a.4km.nc,2024-11-04,5468,0.24605705331586628
AQUA_MODIS.20241105.L3m.DAY.CHL.chlor_a.4km.nc,2024-11-05,5551,0.10771268151800728
AQUA_MODIS.20241106.L3m.DAY.CHL.chlor_a.4km.nc,2024-11-06,5608,0.3445283198360506
AQUA_MODIS.20241107.L3m.DAY.CHL.chlor_a.4km.nc,2024-11-07,5612,0.1676400371056278
AQUA_MODIS.20241108.L3m.DAY.CHL.chlor_a.4km.nc,2024-11-08,5577,0.6515627202299452
AQUA_MODIS.20241109.L3m.DAY.CHL.chlor_a.4km.nc,2024-11-09,5622,0.25966824427936214
AQUA_MODIS.20241110.L3m.DAY.CHL.chlor_a.4km.nc,2024-11-10,5632,0.19210594456370284
AQUA_MODIS.20241111.L3m.DAY.CHL.chlor_a.4km.nc,2024-11-11,5605,0.22896581515356734
AQUA_MODIS.20241112.L3m.DAY.CHL.chlor_a.4km.nc,2024-11-12,5642,0.12918784943585973
AQUA_MODIS.20241113.L3m.DAY.CHL.chlor_a.4km.nc,2024-11-13,5626,0.7202860771855222
AQUA_MODIS.20241114.L3m.DAY.CHL.chlor_a.4km.nc,2024-11-14,5640,0.2719560391411834
AQUA_MODIS.20241115.L3m.DAY.CHL.chlor_a.4km.nc,2024-11-15,5629,1.7100340801736582
AQUA_MODIS.20241116.L3m.DAY.CHL.chlor_a.4km.nc,2024-11-16,5668,0.17021753665486813
AQUA_MODIS.20241117.L3m.DAY.CHL.chlor_a.4km.nc,2024-11-17,5700,0.1560053412034322
AQUA_MODIS.20241118.L3m.DAY.CHL.chlor_a.4km.nc,2024-11-18,5684,1.0843702912080713
AQUA_MODIS.20241119.L3m.DAY.CHL.chlor_a.4km.nc,2024-11-19,5700,0.2868347427781266
AQUA_MODIS.20241120.L3m.DAY.CHL.chlor_a.4km.nc,2024-11-20,5739,
AQUA_MODIS.20241121.L3m.DAY.CHL.chlor_a.4km.nc,2024-11-21,5736,0.3516826559256804
AQUA_MODIS.20241122.L3m.DAY.CHL.chlor_a.4km.nc,2024-11-22,5703,0.11140380799770355
AQUA_MODIS.20241123.L3m.DAY.CHL.chlor_a.4km.nc,2024-11-23,5758,
AQUA_MODIS.20241124.L3m.DAY.CHL.chlor_a.4km.nc,2024-11-24,5771,0.3002705891927083
AQUA_MODIS.20241125.L3m.DAY.CHL.chlor_a.4km.nc,2024-11-25,5710,0.17516158177302435
AQUA_MODIS.20241126.L3m.DAY.CHL.chlor_a.4km.nc,2024-11-26,5722,0.15903407914065829
AQUA_MODIS.20241127.L3m.DAY.CHL.chlor_a.4km.nc,2024-11-27,5755,0.11298291683197022
AQUA_MODIS.20241128.L3m.DAY.CHL.chlor_a.4km.nc,2024-11-28,5717,1.7354657826316318
AQUA_MODIS.20241129.L3m.DAY.CHL.chlor_a.4km.nc,2024-11-29,5573,0.2812990105519296
AQUA_MODIS.20241130.L3m.DAY.CHL.chlor_a.4km.nc,2024-11-30,5482,0.1810011863708496
AQUA_MODIS.20241201.L3m.DAY.CHL.chlor_a.4km.nc,2024-12-01,5510,0.26651101598805044
AQUA_MODIS.20241202.L3m.DAY.CHL.chlor_a.4km.nc,2024-12-02,5580,0.1433299301844563
AQUA_MODIS.20241203.L3m.DAY.CHL.chlor_a.4km.nc,2024-12-03,5643,0.40472092524228365
AQUA_MODIS.20241204.L3m.DAY.CHL.chlor_a.4km.nc,2024-12-04,5649,0.1782652676800564
AQUA_MODIS.20241205.L3m.DAY.CHL.chlor_a.4km.nc,2024-12-05,5624,0.349776253048567
AQUA_MODIS.20241206.L3m.DAY.CHL.chlor_a.4km.nc,2024-12-06,5608,0.29367070411335905
AQUA_MODIS.20241207.L3m.DAY.CHL.chlor_a.4km.nc,2024-12-07,5639,0.11403542861138953
AQUA_MODIS.20241208.L3m.DAY.CHL.chlor_a.4km.nc,2024-12-08,5641,0.22303529538841588
AQUA_MODIS.20241209.L3m.DAY.CHL.chlor_a.4km.nc,2024-12-09,5639,0.15248391711457476
AQUA_MODIS.20241210.L3m.DAY.CHL.chlor_a.4km.nc,2024-12-10,5633,0.40403167041648264
AQUA_MODIS.20241211.L3m.DAY.CHL.chlor_a.4km.nc,2024-12-11,5680,0.30878297343626676
AQUA_MODIS.20241212.L3m.DAY.CHL.chlor_a.4km.nc,2024-12-12,5726,0.11023414240915365
AQUA_MODIS.20241213.L3m.DAY.CHL.chlor_a.4km.nc,2024-12-13,5721,0.4511175554827231
AQUA_MODIS.20241214.L3m.DAY.CHL.chlor_a.4km.nc,2024-12-14,5741,0.10990484705511129
AQUA_MODIS.20241215.L3m.DAY.CHL.chlor_a.4km.nc,2024-12-15,5753,0.17511560944818502
AQUA_MODIS.20241216.L3m.DAY.CHL.chlor_a.4km.nc,2024-12-16,5732,0.19384077223193633
AQUA_MODIS.20241217.L3m.DAY.CHL.chlor_a.4km.nc,2024-12-17,5690,0.1095587624443902
AQUA_MODIS.20241218.L3m.DAY.CHL.chlor_a.4km.nc,2024-12-18,5705,0.4463587145818044
AQUA_MODIS.20241219.L3m.DAY.CHL.chlor_a.4km.nc,2024-12-19,5704,0.19049897519558157
AQUA_MODIS.20241220.L3m.DAY.CHL.chlor_a.4km.nc,2024-12-20,5739,0.5299759457390177
AQUA_MODIS.20241221.L3m.DAY.CHL.chlor_a.4km.nc,2024-12-21,5724,0.42569330569714303
AQUA_MODIS.20241222.L3m.DAY.CHL.chlor_a.4km.nc,2024-12-22,5640,0.21458976382300968
AQUA_MODIS.20241223.L3m.DAY.CHL.chlor_a.4km.nc,2024-12-23,5598,0.3993682981760556
AQUA_MODIS.20241224.L3m.DAY.CHL.chlor_a.4km.nc,2024-12-24,5583,0.17865159300640635
AQUA_MODIS.20241225.L3m.DAY.CHL.chlor_a.4km.nc,2024-12-25,5535,0.4676912034959967
AQUA_MODIS.20241226.L3m.DAY.CHL.chlor_a.4km.nc,2024-12-26,5571,0.1449453712212708
AQUA_MODIS.20241227.L3m.DAY.CHL.chlor_a.4km.nc,2024-12-27,5588,0.06530059206074681
AQUA_MODIS.20241228.L3m.DAY.CHL.chlor_a.4km.nc,2024-12-28,5594,0.34085386252431804
AQUA_MODIS.20241229.L3m.DAY.CHL.chlor_a.4km.nc,2024-12-29,5587,0.17002744257922311
AQUA_MODIS.20241230.L3m.DAY.CHL.chlor_a.4km.nc,2024-12-30,5611,0.5212516070015822
AQUA_MODIS.20241231.L3m.DAY.CHL.chlor_a.4km.nc,2024-12-31,5638,0.2646937403013721
AQUA_MODIS.20250101.L3m.DAY.CHL.chlor_a.4km.nc,2025-01-01,5509,0.3538533761604445
AQUA_MODIS.20250102.L3m.DAY.CHL.chlor_a.4km.nc,2025-01-02,5467,0.3319491614893495
AQUA_MODIS.20250103.L3m.DAY.CHL.chlor_a.4km.nc,2025-01-03,5514,0.42715226181725874
AQUA_MODIS.20250104.L3m.DAY.CHL.chlor_a.4km.nc,2025-01-04,5530,0.561027719193146
AQUA_MODIS.20250105.L3m.DAY.CHL.chlor_a.4km.nc,2025-01-05,5557,0.15531214241523084
AQUA_MODIS.20250106.L3m.DAY.CHL.chlor_a.4km.nc,2025-01-06,5558,0.29632917611952075
AQUA_MODIS.20250107.L3m.DAY.CHL.chlor_a.4km.nc,2025-01-07,5593,0.4206589588567839
AQUA_MODIS.20250108.L3m.DAY.CHL.chlor_a.4km.nc,2025-01-08,5610,0.4009569418661387
AQUA_MODIS.20250109.L3m.DAY.CHL.chlor_a.4km.nc,2025-01-09,5665,0.7093020221054634
AQUA_MODIS.20250110.L3m.DAY.CHL.chlor_a.4km.nc,2025-01-10,5743,0.29670854754080983
AQUA_MODIS.20250111.L3m.DAY.CHL.chlor_a.4km.nc,2025-01-11,5775,
AQUA_MODIS.20250112.L3m.DAY.CHL.chlor_a.4km.nc,2025-01-12,5781,0.39423623463175755
AQUA_MODIS.20250113.L3m.DAY.CHL.chlor_a.4km.nc,2025-01-13,5751,0.14940380464698985
AQUA_MODIS.20250114.L3m.DAY.CHL.chlor_a.4km.nc,2025-01-14,5773,0.7102233661496771
AQUA_MODIS.20250115.L3m.DAY.CHL.chlor_a.4km.nc,2025-01-15,5786,0.18886883157188175
AQUA_MODIS.20250116.L3m.DAY.CHL.chlor_a.4km.nc,2025-01-16,5779,0.1352199281811647
AQUA_MODIS.20250117.L3m.DAY.CHL.chlor_a.4km.nc,2025-01-17,5743,0.3326328390696196
AQUA_MODIS.20250118.L3m.DAY.CHL.chlor_a.4km.nc,2025-01-18,5751,0.13666030589925451
AQUA_MODIS.20250119.L3m.DAY.CHL.chlor_a.4km.nc,2025-01-19,5783,0.2623338874457196
AQUA_MODIS.20250120.L3m.DAY.CHL.chlor_a.4km.nc,2025-01-20,5804,0.2884480531177565
AQUA_MODIS.20250121.L3m.DAY.CHL.chlor_a.4km.nc,2025-01-21,5771,0.10671686519615338
AQUA_MODIS.20250122.L3m.DAY.CHL.chlor_a.4km.nc,2025-01-22,5752,0.37352397159605244
AQUA_MODIS.20250123.L3m.DAY.CHL.chlor_a.4km.nc,2025-01-23,5759,0.11929143887394224
AQUA_MODIS.20250124.L3m.DAY.CHL.chlor_a.4km.nc,2025-01-24,5759,0.7062254510531768
AQUA_MODIS.20250125.L3m.DAY.CHL.chlor_a.4km.nc,2025-01-25,5728,0.5064210168804958
AQUA_MODIS.20250126.L3m.DAY.CHL.chlor_a.4km.nc,2025-01-26,5774,0.2524363199869792
AQUA_MODIS.20250127.L3m.DAY.CHL.chlor_a.4km.nc,2025-01-27,5822,0.34371471686642346
AQUA_MODIS.20250128.L3m.DAY.CHL.chlor_a.4km.nc,2025-01-28,5789,0.12184171556546489
AQUA_MODIS.20250129.L3m.DAY.CHL.chlor_a.4km.nc,2025-01-29,5792,0.6907664763621795
AQUA_MODIS.20250130.L3m.DAY.CHL.chlor_a.4km.nc,2025-01-30,5802,
AQUA_MODIS.20250131.L3m.DAY.CHL.chlor_a.4km.nc,2025-01-31,5759,0.12129801256714087
AQUA_MODIS.20250201.L3m.DAY.CHL.chlor_a.4km.nc,2025-02-01,5696,0.3425416775835239
AQUA_MODIS.20250202.L3m.DAY.CHL.chlor_a.4km.nc,2025-02-02,5657,0.1438289122872285
AQUA_MODIS.20250203.L3m.DAY.CHL.chlor_a.4km.nc,2025-02-03,5592,0.824397097105744
AQUA_MODIS.20250204.L3m.DAY.CHL.chlor_a.4km.nc,2025-02-04,5638,0.36088165530088784
AQUA_MODIS.20250205.L3m.DAY.CHL.chlor_a.4km.nc,2025-02-05,5632,0.08954818232529828
AQUA_MODIS.20250206.L3m.DAY.CHL.chlor_a.4km.nc,2025-02-06,5684,0.504330807171659
AQUA_MODIS.20250207.L3m.DAY.CHL.chlor_a.4km.nc,2025-02-07,5751,0.07866916632562539
AQUA_MODIS.20250208.L3m.DAY.CHL.chlor_a.4km.nc,2025-02-08,5801,1.2455466986898194
AQUA_MODIS.20250209.L3m.DAY.CHL.chlor_a.4km.nc,2025-02-09,5802,0.46727543417180856
AQUA_MODIS.20250210.L3m.DAY.CHL.chlor_a.4km.nc,2025-02-10,5776,0.21439950351739825
AQUA_MODIS.20250211.L3m.DAY.CHL.chlor_a.4km.nc,2025-02-11,5798,0.5057018697171033
AQUA_MODIS.20250212.L3m.DAY.CHL.chlor_a.4km.nc,2025-02-12,5837,0.8087409568626696
AQUA_MODIS.20250213.L3m.DAY.CHL.chlor_a.4km.nc,2025-02-13,5875,0.7442050757489356
AQUA_MODIS.20250214.L3m.DAY.CHL.chlor_a.4km.nc,2025-02-14,5878,0.3011111038893511
AQUA_MODIS.20250215.L3m.DAY.CHL.chlor_a.4km.nc,2025-02-15,5826,0.11413917985073356
AQUA_MODIS.20250216.L3m.DAY.CHL.chlor_a.4km.nc,2025-02-16,5783,0.43340164505980006
AQUA_MODIS.20250217.L3m.DAY.CHL.chlor_a.4km.nc,2025-02-17,5792,0.6065719118288957
AQUA_MODIS.20250218.L3m.DAY.CHL.chlor_a.4km.nc,2025-02-18,5808,0.9097186608909451
AQUA_MODIS.20250219.L3m.DAY.CHL.chlor_a.4km.nc,2025-02-19,5757,0.6244219203824225
AQUA_MODIS.20250220.L3m.DAY.CHL.chlor_a.4km.nc,2025-02-20,5738,0.29887869937219075
AQUA_MODIS.20250221.L3m.DAY.CHL.chlor_a.4km.nc,2025-02-21,5744,0.5310898186161529
AQUA_MODIS.20250222.L3m.DAY.CHL.chlor_a.4km.nc,2025-02-22,5770,0.1410102816774658
AQUA_MODIS.20250223.L3m.DAY.CHL.chlor_a.4km.nc,2025-02-23,5790,0.7785577024075659
AQUA_MODIS.20250224.L3m.DAY.CHL.chlor_a.4km.nc,2025-02-24,5773,0.4000728299491811
AQUA_MODIS.20250225.L3m.DAY.CHL.chlor_a.4km.nc,2025-02-25,5762,0.26945069823602236
AQUA_MODIS.20250226.L3m.DAY.CHL.chlor_a.4km.nc,2025-02-26,5738,0.5000054688494336
AQUA_MODIS.20250227.L3m.DAY.CHL.chlor_a.4km.nc,2025-02-27,5723,0.4740459134423015
AQUA_MODIS.20250228.L3m.DAY.CHL.chlor_a.4km.nc,2025-02-28,5728,0.3002866213928401
AQUA_MODIS.20250301.L3m.DAY.CHL.chlor_a.4km.nc,2025-03-01,5691,0.33930432687397877
AQUA_MODIS.20250302.L3m.DAY.CHL.chlor_a.4km.nc,2025-03-02,5718,0.20740297050744755
AQUA_MODIS.20250303.L3m.DAY.CHL.chlor_a.4km.nc,2025-03-03,5730,0.3694529027234897
AQUA_MODIS.20250304.L3m.DAY.CHL.chlor_a.4km.nc,2025-03-04,5770,0.2298875747303845
AQUA_MODIS.20250305.L3m.DAY.CHL.chlor_a.4km.nc,2025-03-05,5751,1.193334205863402
AQUA_MODIS.20250306.L3m.DAY.CHL.chlor_a.4km.nc,2025-03-06,5778,0.6634481483496913
AQUA_MODIS.20250307.L3m.DAY.CHL.chlor_a.4km.nc,2025-03-07,5756,0.42371048577522374
AQUA_MODIS.20250308.L3m.DAY.CHL.chlor_a.4km.nc,2025-03-08,5751,0.3048412789669769
AQUA_MODIS.20250309.L3m.DAY.CHL.chlor_a.4km.nc,2025-03-09,5771,0.2777889961651875
AQUA_MODIS.20250310.L3m.DAY.CHL.chlor_a.4km.nc,2025-03-10,5749,0.5652551111608575
AQUA_MODIS.20250311.L3m.DAY.CHL.chlor_a.4km.nc,2025-03-11,5714,0.193209194170223
AQUA_MODIS.20250312.L3m.DAY.CHL.chlor_a.4km.nc,2025-03-12,5725,0.4670454370693898
AQUA_MODIS.20250313.L3m.DAY.CHL.chlor_a.4km.nc,2025-03-13,5782,0.4289248143899463
AQUA_MODIS.20250314.L3m.DAY.CHL.chlor_a.4km.nc,2025-03-14,5750,0.2707515616557881
AQUA_MODIS.20250315.L3m.DAY.CHL.chlor_a.4km.nc,2025-03-15,5695,0.8038200618030269
AQUA_MODIS.20250316.L3m.DAY.CHL.chlor_a.4km.nc,2025-03-16,5763,0.13968564532129898
AQUA_MODIS.20250317.L3m.DAY.CHL.chlor_a.4km.nc,2025-03-17,5770,0.4933416351353157
AQUA_MODIS.20250318.L3m.DAY.CHL.chlor_a.4km.nc,2025-03-18,5763,0.47707334101025467
AQUA_MODIS.20250319.L3m.DAY.CHL.chlor_a.4km.nc,2025-03-19,5739,0.3229014903200179
AQUA_MODIS.20250320.L3m.DAY.CHL.chlor_a.4km.nc,2025-03-20,5760,0.4624658234667716
AQUA_MODIS.20250321.L3m.DAY.CHL.chlor_a.4km.nc,2025-03-21,5728,0.7226393903552457
AQUA_MODIS.20250322.L3m.DAY.CHL.chlor_a.4km.nc,2025-03-22,5686,0.42345955423068316
AQUA_MODIS.20250323.L3m.DAY.CHL.chlor_a.4km.nc,2025-03-23,5730,0.44918255966728976
AQUA_MODIS.20250324.L3m.DAY.CHL.chlor_a.4km.nc,2025-03-24,5668,0.27979604297616223
AQUA_MODIS.20250325.L3m.DAY.CHL.chlor_a.4km.nc,2025-03-25,5669,0.5965567194649861
AQUA_MODIS.20250326.L3m.DAY.CHL.chlor_a.4km.nc,2025-03-26,5715,0.7106464061104755
AQUA_MODIS.20250327.L3m.DAY.CHL.chlor_a.4km.nc,2025-03-27,5723,0.6888303034695564
AQUA_MODIS.20250328.L3m.DAY.CHL.chlor_a.4km.nc,2025-03-28,5724,0.6154991987179487
AQUA_MODIS.20250329.L3m.DAY.CHL.chlor_a.4km.nc,2025-03-29,5751,1.8964678485576922
AQUA_MODIS.20250330.L3m.DAY.CHL.chlor_a.4km.nc,2025-03-30,5785,1.4985418213631194
AQUA_MODIS.20250331.L3m.DAY.CHL.chlor_a.4km.nc,2025-03-31,5796,0.7453560533495082
AQUA_MODIS.20250401.L3m.DAY.CHL.chlor_a.4km.nc,2025-04-01,5656,1.0245421029526536
AQUA_MODIS.20250402.L3m.DAY.CHL.chlor_a.4km.nc,2025-04-02,5628,0.8722089250511098
AQUA_MODIS.20250403.L3m.DAY.CHL.chlor_a.4km.nc,2025-04-03,5639,0.36523871933010216
AQUA_MODIS.20250404.L3m.DAY.CHL.chlor_a.4km.nc,2025-04-04,5675,0.47910768093054235
AQUA_MODIS.20250405.L3m.DAY.CHL.chlor_a.4km.nc,2025-04-05,5687,0.8078621479156248
AQUA_MODIS.20250406.L3m.DAY.CHL.chlor_a.4km.nc,2025-04-06,5690,0.6949045166640025
AQUA_MODIS.20250407.L3m.DAY.CHL.chlor_a.4km.nc,2025-04-07,5715,0.48484915270162715
AQUA_MODIS.20250408.L3m.DAY.CHL.chlor_a.4km.nc,2025-04-08,5697,0.8780433227061604
AQUA_MODIS.20250409.L3m.DAY.CHL.chlor_a.4km.nc,2025-04-09,5691,0.4522695591131694
AQUA_MODIS.20250410.L3m.DAY.CHL.chlor_a.4km.nc,2025-04-10,5708,0.7984470540053378
AQUA_MODIS.20250411.L3m.DAY.CHL.chlor_a.4km.nc,2025-04-11,5729,0.9824690229894638
AQUA_MODIS.20250412.L3m.DAY.CHL.chlor_a.4km.nc,2025-04-12,5698,0.8184635456464431
AQUA_MODIS.20250413.L3m.DAY.CHL.chlor_a.4km.nc,2025-04-13,5660,0.5155177339594414
AQUA_MODIS.20250414.L3m.DAY.CHL.chlor_a.4km.nc,2025-04-14,5697,0.5801131813820628
AQUA_MODIS.20250415.L3m.DAY.CHL.chlor_a.4km.nc,2025-04-15,5693,0.3530970982142857
AQUA_MODIS.20250416.L3m.DAY.CHL.chlor_a.4km.nc,2025-04-16,5580,1.507918891556766
AQUA_MODIS.20250417.L3m.DAY.CHL.chlor_a.4km.nc,2025-04-17,5612,0.6140015660697664
AQUA_MODIS.20250418.L3m.DAY.CHL.chlor_a.4km.nc,2025-04-18,5579,
AQUA_MODIS.20250419.L3m.DAY.CHL.chlor_a.4km.nc,2025-04-19,5646,0.2647042361172763
AQUA_MODIS.20250420.L3m.DAY.CHL.chlor_a.4km.nc,2025-04-20,5716,0.2969712678966604
AQUA_MODIS.20250421.L3m.DAY.CHL.chlor_a.4km.nc,2025-04-21,5709,0.23953382670879364
AQUA_MODIS.20250422.L3m.DAY.CHL.chlor_a.4km.nc,2025-04-22,5723,0.6815763245884774
AQUA_MODIS.20250423.L3m.DAY.CHL.chlor_a.4km.nc,2025-04-23,5742,0.45814897687432576
AQUA_MODIS.20250424.L3m.DAY.CHL.chlor_a.4km.nc,2025-04-24,5763,1.872772855239932
AQUA_MODIS.20250425.L3m.DAY.CHL.chlor_a.4km.nc,2025-04-25,5751,0.3320441841396406
AQUA_MODIS.20250426.L3m.DAY.CHL.chlor_a.4km.nc,2025-04-26,5765,1.9008086867559524
AQUA_MODIS.20250427.L3m.DAY.CHL.chlor_a.4km.nc,2025-04-27,5783,1.3490333557128906
AQUA_MODIS.20250428.L3m.DAY.CHL.chlor_a.4km.nc,2025-04-28,5776,0.20615266296348259
AQUA_MODIS.20250429.L3m.DAY.CHL.chlor_a.4km.nc,2025-04-29,5780,0.5689275110561153
AQUA_MODIS.20250430.L3m.DAY.CHL.chlor_a.4km.nc,2025-04-30,5813,0.6339561269499536
AQUA_MODIS.20250501.L3m.DAY.CHL.chlor_a.4km.nc,2025-05-01,5814,2.2173731684062625
AQUA_MODIS.20250502.L3m.DAY.CHL.chlor_a.4km.nc,2025-05-02,5766,2.128817953209765
AQUA_MODIS.20250503.L3m.DAY.CHL.chlor_a.4km.nc,2025-05-03,5739,0.2220171888669332
AQUA_MODIS.20250504.L3m.DAY.CHL.chlor_a.4km.nc,2025-05-04,5730,0.9079181311326229
AQUA_MODIS.20250505.L3m.DAY.CHL.chlor_a.4km.nc,2025-05-05,5709,0.6998625796101832
AQUA_MODIS.20250506.L3m.DAY.CHL.chlor_a.4km.nc,2025-05-06,5701,4.255331186147837
AQUA_MODIS.20250507.L3m.DAY.CHL.chlor_a.4km.nc,2025-05-07,5734,0.8683671101485149
AQUA_MODIS.20250508.L3m.DAY.CHL.chlor_a.4km.nc,2025-05-08,5777,0.8055451470862326
AQUA_MODIS.20250509.L3m.DAY.CHL.chlor_a.4km.nc,2025-05-09,5771,2.3264830825533305
AQUA_MODIS.20250510.L3m.DAY.CHL.chlor_a.4km.nc,2025-05-10,5751,0.5026108566998985
AQUA_MODIS.20250511.L3m.DAY.CHL.chlor_a.4km.nc,2025-05-11,5740,1.4242793703542171
AQUA_MODIS.20250512.L3m.DAY.CHL.chlor_a.4km.nc,2025-05-12,5643,0.9722340369003551
AQUA_MODIS.20250513.L3m.DAY.CHL.chlor_a.4km.nc,2025-05-13,5653,0.47303301706035583
AQUA_MODIS.20250514.L3m.DAY.CHL.chlor_a.4km.nc,2025-05-14,5705,2.2056670531507656
AQUA_MODIS.20250515.L3m.DAY.CHL.chlor_a.4km.nc,2025-05-15,5752,0.38711255233713576
AQUA_MODIS.20250516.L3m.DAY.CHL.chlor_a.4km.nc,2025-05-16,5800,0.3427604876066509
AQUA_MODIS.20250517.L3m.DAY.CHL.chlor_a.4km.nc,2025-05-17,5811,0.7805513831658092
AQUA_MODIS.20250518.L3m.DAY.CHL.chlor_a.4km.nc,2025-05-18,5827,0.5603686148317462
AQUA_MODIS.20250519.L3m.DAY.CHL.chlor_a.4km.nc,2025-05-19,5826,2.6552111674202945
AQUA_MODIS.20250520.L3m.DAY.CHL.chlor_a.4km.nc,2025-05-20,5802,0.5156826754997427
AQUA_MODIS.20250521.L3m.DAY.CHL.chlor_a.4km.nc,2025-05-21,5813,2.89371829562717
AQUA_MODIS.20250522.L3m.DAY.CHL.chlor_a.4km.nc,2025-05-22,5815,1.8661712384155624
AQUA_MODIS.20250523.L3m.DAY.CHL.chlor_a.4km.nc,2025-05-23,5791,
AQUA_MODIS.20250524.L3m.DAY.CHL.chlor_a.4km.nc,2025-05-24,5777,4.861613082885742
AQUA_MODIS.20250525.L3m.DAY.CHL.chlor_a.4km.nc,2025-05-25,5768,0.8359653327218882
AQUA_MODIS.20250526.L3m.DAY.CHL.chlor_a.4km.nc,2025-05-26,5749,
AQUA_MODIS.20250527.L3m.DAY.CHL.chlor_a.4km.nc,2025-05-27,5743,1.9341746270328004
AQUA_MODIS.20250528.L3m.DAY.CHL.chlor_a.4km.nc,2025-05-28,5727,0.7500414071104075
AQUA_MODIS.20250529.L3m.DAY.CHL.chlor_a.4km.nc,2025-05-29,5703,0.9808244916003537
AQUA_MODIS.20250530.L3m.DAY.CHL.chlor_a.4km.nc,2025-05-30,5668,0.7479123618592125
AQUA_MODIS.20250531.L3m.DAY.CHL.chlor_a.4km.nc,2025-05-31,5671,
AQUA_MODIS.20250601.L3m.DAY.CHL.chlor_a.4km.NRT.nc,2025-06-01,5325,3.886697253341195
AQUA_MODIS.20250602.L3m.DAY.CHL.chlor_a.4km.NRT.nc,2025-06-02,4944,0.7400624972985823
AQUA_MODIS.20250603.L3m.DAY.CHL.chlor_a.4km.NRT.nc,2025-06-03,5069,1.0061526665320764
AQUA_MODIS.20250604.L3m.DAY.CHL.chlor_a.4km.NRT.nc,2025-06-04,5221,
AQUA_MODIS.20250605.L3m.DAY.CHL.chlor_a.4km.NRT.nc,2025-06-05,5347,
AQUA_MODIS.20250606.L3m.DAY.CHL.chlor_a.4km.NRT.nc,2025-06-06,5404,2.657462553544478
AQUA_MODIS.20250607.L3m.DAY.CHL.chlor_a.4km.NRT.nc,2025-06-07,5510,0.5517299404085236
AQUA_MODIS.20250608.L3m.DAY.CHL.chlor_a.4km.NRT.nc,2025-06-08,5506,
AQUA_MODIS.20250609.L3m.DAY.CHL.chlor_a.4km.NRT.nc,2025-06-09,5626,0.5534576697468915
AQUA_MODIS.20250610.L3m.DAY.CHL.chlor_a.4km.NRT.nc,2025-06-10,5742,
AQUA_MODIS.20250611.L3m.DAY.CHL.chlor_a.4km.NRT.nc,2025-06-11,5766,1.5181500805591617
AQUA_MODIS.20250612.L3m.DAY.CHL.chlor_a.4km.NRT.nc,2025-06-12,5721,0.34203561147054035
AQUA_MODIS.20250613.L3m.DAY.CHL.chlor_a.4km.NRT.nc,2025-06-13,5648,4.002330052033636
AQUA_MODIS.20250614.L3m.DAY.CHL.chlor_a.4km.NRT.nc,2025-06-14,5749,0.8006724096543296
AQUA_MODIS.20250615.L3m.DAY.CHL.chlor_a.4km.NRT.nc,2025-06-15,5747,
AQUA_MODIS.20250616.L3m.DAY.CHL.chlor_a.4km.NRT.nc,2025-06-16,5749,4.199566904703776
AQUA_MODIS.20250617.L3m.DAY.CHL.chlor_a.4km.NRT.nc,2025-06-17,5725,0.6417926389779618
AQUA_MODIS.20250618.L3m.DAY.CHL.chlor_a.4km.NRT.nc,2025-06-18,5714,
AQUA_MODIS.20250619.L3m.DAY.CHL.chlor_a.4km.NRT.nc,2025-06-19,5706,0.6167484852227264
AQUA_MODIS.20250620.L3m.DAY.CHL.chlor_a.4km.NRT.nc,2025-06-20,5626,
AQUA_MODIS.20250621.L3m.DAY.CHL.chlor_a.4km.NRT.nc,2025-06-21,5611,2.312939663289096
AQUA_MODIS.20250622.L3m.DAY.CHL.chlor_a.4km.NRT.nc,2025-06-22,5615,0.9418227053478937
AQUA_MODIS.20250623.L3m.DAY.CHL.chlor_a.4km.NRT.nc,2025-06-23,5608,1.8616631825764973
AQUA_MODIS.20250624.L3m.DAY.CHL.chlor_a.4km.NRT.nc,2025-06-24,5618,0.8305986628812903
AQUA_MODIS.20250625.L3m.DAY.CHL.chlor_a.4km.NRT.nc,2025-06-25,5621,
AQUA_MODIS.20250626.L3m.DAY.CHL.chlor_a.4km.NRT.nc,2025-06-26,5631,0.7366196878213551
AQUA_MODIS.20250627.L3m.DAY.CHL.chlor_a.4km.NRT.nc,2025-06-27,5612,0.44954073556048824
AQUA_MODIS.20250628.L3m.DAY.CHL.chlor_a.4km.NRT.nc,2025-06-28,5616,
AQUA_MODIS.20250629.L3m.DAY.CHL.chlor_a.4km.NRT.nc,2025-06-29,5637,1.479685322219777
AQUA_MODIS.20250630.L3m.DAY.CHL.chlor_a.4km.NRT.nc,2025-06-30,5660,
AQUA_MODIS.20250701.L3m.DAY.CHL.chlor_a.4km.NRT.nc,2025-07-01,5659,2.567432048927078
AQUA_MODIS.20250702.L3m.DAY.CHL.chlor_a.4km.NRT.nc,2025-07-02,5673,0.9459071543024874
AQUA_MODIS.20250703.L3m.DAY.CHL.chlor_a.4km.NRT.nc,2025-07-03,5691,
AQUA_MODIS.20250704.L3m.DAY.CHL.chlor_a.4km.NRT.nc,2025-07-04,5703,0.5547196717388863
AQUA_MODIS.20250705.L3m.DAY.CHL.chlor_a.4km.NRT.nc,2025-07-05,5699,0.5566205342610677
AQUA_MODIS.20250706.L3m.DAY.CHL.chlor_a.4km.NRT.nc,2025-07-06,5705,3.549789028334548
AQUA_MODIS.20250707.L3m.DAY.CHL.chlor_a.4km.NRT.nc,2025-07-07,5729,0.72993801607944
AQUA_MODIS.20250708.L3m.DAY.CHL.chlor_a.4km.NRT.nc,2025-07-08,5760,
AQUA_MODIS.20250709.L3m.DAY.CHL.chlor_a.4km.NRT.nc,2025-07-09,5786,0.7442860007286072
AQUA_MODIS.20250710.L3m.DAY.CHL.chlor_a.4km.NRT.nc,2025-07-10,5785,0.46530802971390167
AQUA_MODIS.20250711.L3m.DAY.CHL.chlor_a.4km.NRT.nc,2025-07-11,5770,
AQUA_MODIS.20250712.L3m.DAY.CHL.chlor_a.4km.NRT.nc,2025-07-12,5754,0.5409046387736306
AQUA_MODIS.20250713.L3m.DAY.CHL.chlor_a.4km.NRT.nc,2025-07-13,5755,
AQUA_MODIS.20250714.L3m.DAY.CHL.chlor_a.4km.NRT.nc,2025-07-14,5758,0.4855945681737474
AQUA_MODIS.20250715.L3m.DAY.CHL.chlor_a.4km.NRT.nc,2025-07-15,5711,0.3480998319305589
AQUA_MODIS.20250716.L3m.DAY.CHL.chlor_a.4km.NRT.nc,2025-07-16,5689,5.321994236537388
AQUA_MODIS.20250717.L3m.DAY.CHL.chlor_a.4km.NRT.nc,2025-07-17,5705,0.9394389032160194
AQUA_MODIS.20250718.L3m.DAY.CHL.chlor_a.4km.NRT.nc,2025-07-18,5700,0.3755287354992282
AQUA_MODIS.20250719.L3m.DAY.CHL.chlor_a.4km.NRT.nc,2025-07-19,5691,1.6324226066517153
AQUA_MODIS.20250720.L3m.DAY.CHL.chlor_a.4km.NRT.nc,2025-07-20,5683,0.5119224360641281
AQUA_MODIS.20250721.L3m.DAY.CHL.chlor_a.4km.NRT.nc,2025-07-21,5687,1.421783447265625
AQUA_MODIS.20250722.L3m.DAY.CHL.chlor_a.4km.NRT.nc,2025-07-22,5681,0.6126411333476027
AQUA_MODIS.20250723.L3m.DAY.CHL.chlor_a.4km.NRT.nc,2025-07-23,5688,0.46730635596103354
AQUA_MODIS.20250724.L3m.DAY.CHL.chlor_a.4km.NRT.nc,2025-07-24,5696,0.7502066379123263
AQUA_MODIS.20250725.L3m.DAY.CHL.chlor_a.4km.NRT.nc,2025-07-25,5693,0.22802208209859914
AQUA_MODIS.20250726.L3m.DAY.CHL.chlor_a.4km.NRT.nc,2025-07-26,5674,
