date,chlor_a,sst4,flux
2020-01-01,,17.81174017016778,
2020-01-02,,17.85968137254902,
2020-01-03,,18.31029166337494,
2020-01-04,,19.719992777918353,
2020-01-05,,15.724148016525689,
2020-01-06,,17.401604173526508,
2020-01-07,,17.669314074325086,
2020-01-08,,18.435002434490084,
2020-01-09,,18.36704479768786,
2020-01-10,,18.693124210133274,
2020-01-11,,17.921303894606105,
2020-01-12,,20.00212383515424,
2020-01-13,,18.079750722543352,
2020-01-14,,18.54805274906015,
2020-01-15,,18.4627997215758,
2020-01-17,,18.857049965448404,
2020-01-18,,16.55819471394592,
2020-01-19,,16.49202424031825,
2020-01-20,,17.58527929940168,
2020-01-21,,17.339645041854475,
2020-01-22,,20.626792506167764,
2020-01-23,,17.409509765625,
2020-01-24,,17.597932031643975,
2020-01-25,,18.242353555161944,
2020-01-26,,17.614769631410255,
2020-01-27,,18.341355353328588,
2020-01-28,,18.38878535566457,
2020-01-29,,18.842806005949388,
2020-01-30,,22.7685305417239,
2020-01-31,,19.061665482954545,
2020-02-01,,17.152034315952037,
2020-02-02,,18.771437407982987,
2020-02-03,,18.320111259484825,
2020-02-04,,18.230198223990683,
2020-02-05,,18.695634357715047,
2020-02-06,,19.245579386645964,
2020-02-07,,19.726446602068535,
2020-02-08,,19.34049913417137,
2020-02-09,,18.91590016030654,
2020-02-10,,19.511029146634616,
2020-02-11,,19.973617722130243,
2020-02-12,,16.951840049342106,
2020-02-13,,19.381831868489584,
2020-02-14,,19.035936107397504,
2020-02-15,,--,
2020-02-16,,20.19310461956522,
2020-02-17,,18.658395784935667,
2020-02-18,,19.500054786115008,
2020-02-19,,18.412798775913803,
2020-02-20,,18.67897491994258,
2020-02-21,,17.818399568364143,
2020-02-22,,17.804612447463224,
2020-02-23,,18.05992449075158,
2020-02-24,,18.387637668185764,
2020-02-25,,18.175418879743756,
2020-02-26,,18.459602186870384,
2020-02-27,,18.353192803984005,
2020-02-28,,18.68000030517578,
2020-02-29,,19.5060236286315,
2020-03-01,,19.208104226086004,
2020-03-02,,16.915694776714513,
2020-03-03,,17.834827833572454,
2020-03-04,,16.426512065686676,
2020-03-05,,18.937249101756564,
2020-03-06,,--,
2020-03-07,,17.604521708736396,
2020-03-08,,17.592790995040296,
2020-03-09,,17.566164782762275,
2020-03-10,,17.175056334328687,
2020-03-11,,17.579206532010396,
2020-03-12,,17.252220345061914,
2020-03-13,,--,
2020-03-14,,17.05379554941336,
2020-03-15,,17.561194815413405,
2020-03-16,,17.12252998514011,
2020-03-17,,16.596204738820735,
2020-03-18,,19.67869745438856,
2020-03-19,,17.940462703665986,
2020-03-20,,17.363626593692334,
2020-03-21,,19.428581169059683,
2020-03-22,,16.735609567901236,
2020-03-23,,15.624930922763523,
2020-03-24,,14.3125,
2020-03-25,,17.547824243215032,
2020-03-26,,16.844637066765895,
2020-03-27,,15.383124668493634,
2020-03-28,,17.070718644336434,
2020-03-29,,16.645430204884107,
2020-03-30,,16.733408424794213,
2020-03-31,,17.009982943897867,
2020-04-01,,16.780076220839135,
2020-04-03,,16.502916124131943,
2020-04-04,,16.997893039631105,
2020-04-05,,17.437647493541334,
2020-04-06,,16.64732198094531,
2020-04-07,,17.44310260641164,
2020-04-08,,17.356916224061266,
2020-04-09,,17.005710560829378,
2020-04-10,,17.049096795915812,
2020-04-11,,16.375312990966222,
2020-04-12,,18.429750061035158,
2020-04-13,,17.34167349772484,
2020-04-14,,17.468635531135533,
2020-04-15,,17.83283790382179,
2020-04-16,,16.45317203419265,
2020-04-17,,16.639787114036395,
2020-04-18,,17.596444854288855,
2020-04-19,,16.534304159538067,
2020-04-20,,16.193761649580615,
2020-04-21,,16.33164453761938,
2020-04-22,,17.25871165008292,
2020-04-23,,16.90809639260072,
2020-04-24,,16.312073914603516,
2020-04-25,,16.89639232197746,
2020-04-26,,16.540341905539428,
2020-04-27,,16.706956482484653,
2020-04-28,,16.18721124530957,
2020-04-29,,15.621333670910493,
2020-04-30,,16.049556061351705,
2020-05-01,,16.936357382338056,
2020-05-02,,16.474338942307693,
2020-05-03,,17.013520576584508,
2020-05-04,,15.680938259314255,
2020-05-05,,16.81701348221891,
2020-05-06,,17.081410243921447,
2020-05-07,,16.242923512178308,
2020-05-08,,15.554647069068471,
2020-05-09,,15.436384654802186,
2020-05-10,,15.216645833333333,
2020-05-11,,15.558568779708244,
2020-05-12,,16.4772796418637,
2020-05-13,,15.482306192832509,
2020-05-14,,15.453964759563577,
2020-05-15,,14.903859679136254,
2020-05-16,,15.998507233157984,
2020-05-17,,15.94763759035198,
2020-05-18,,15.637171004666083,
2020-05-19,,16.98974095394737,
2020-05-20,,15.342946377139565,
2020-05-21,,15.48819909684532,
2020-05-22,,15.356315211245889,
2020-05-23,,14.618793020374449,
2020-05-24,,14.471665482954545,
2020-05-25,,15.081141504471331,
2020-05-26,,16.00929716328413,
2020-05-27,,15.18307367040521,
2020-05-28,,15.119623825867052,
2020-05-29,,14.935197105883248,
2020-05-30,,15.641587277197296,
2020-05-31,,14.892787983229107,
2020-06-01,,14.848586201251456,
2020-06-02,,14.344699290077873,
2020-06-03,,13.054436178768382,
2020-06-04,,14.479402995398416,
2020-06-05,,14.988226700060716,
2020-06-06,,14.495779054974196,
2020-06-07,,14.836827133641098,
2020-06-08,,14.527166193181818,
2020-06-09,,14.59008295555886,
2020-06-10,,15.112807681230061,
2020-06-11,,15.118878969161786,
2020-06-12,,15.148429231054191,
2020-06-13,,15.527941535500918,
2020-06-14,,14.70789993996659,
2020-06-15,,14.926894755747126,
2020-06-16,,14.01490138319672,
2020-06-17,,15.002048907249467,
2020-06-18,,15.186212903710702,
2020-06-19,,14.81090074335184,
2020-06-20,,14.626212643797933,
2020-06-21,,14.220251758883855,
2020-06-22,,14.264599721795856,
2020-06-23,,13.282048568349754,
2020-06-24,,13.272708189058172,
2020-06-25,,14.83460241955652,
2020-06-26,,14.47512965852763,
2020-06-27,,14.9461661327795,
2020-06-28,,14.96710402852496,
2020-06-29,,15.108229296124732,
2020-06-30,,14.728464087872124,
2020-07-01,,14.81217818799299,
2020-07-02,,14.420308770883056,
2020-07-03,,14.199282418504314,
2020-07-04,,13.292597007175226,
2020-07-05,,14.050013843412943,
2020-07-06,,14.202554744525548,
2020-07-07,,14.105818492891713,
2020-07-08,,14.225906281063619,
2020-07-09,,14.548814584021128,
2020-07-10,,13.744978824435318,
2020-07-11,,13.84501328988467,
2020-07-12,,14.155735700210924,
2020-07-13,,13.911908717474203,
2020-07-14,,14.381752543199553,
2020-07-15,,14.564286418734758,
2020-07-16,,14.184455944412107,
2020-07-17,,14.31951665327859,
2020-07-18,,11.731785365513392,
2020-07-19,,14.208528923417514,
2020-07-20,,13.897661020183175,
2020-07-21,,13.706509985869864,
2020-07-22,,13.95656181784237,
2020-07-23,,13.813890861742424,
2020-07-24,,14.445534656398104,
2020-07-25,,14.202277499494029,
2020-07-26,,14.374279924551386,
2020-07-27,,13.924663366767161,
2020-07-28,,13.963429920708956,
2020-07-29,,13.910493574766354,
2020-07-30,,14.090382073349083,
2020-07-31,,14.014821067622197,
2020-08-01,,14.398828352239674,
2020-08-02,,14.031271021526043,
2020-08-03,,13.593675231933593,
2020-08-04,,13.97880200696481,
2020-08-05,,13.79410070516118,
2020-08-06,,13.662689281472684,
2020-08-07,,13.330332438151041,
2020-08-08,,--,
2020-08-09,,13.805992109548226,
2020-08-10,,13.472892666781293,
2020-08-11,,--,
2020-08-12,,13.679993079522577,
2020-08-13,,13.534576728918184,
2020-08-14,,13.554141786093417,
2020-08-15,,13.700637237344795,
2020-08-16,,13.64825646167558,
2020-08-17,,--,
2020-08-18,,13.694078538907284,
2020-08-19,,--,
2020-08-20,,--,
2020-08-21,,--,
2020-08-22,,--,
2020-08-23,,12.92655108806274,
2020-08-24,,--,
2020-08-25,,13.109309078198587,
2020-08-26,,--,
2020-08-27,,13.6161096343361,
2020-08-28,,--,
2020-08-29,,--,
2020-08-30,,13.328608430774006,
2020-08-31,,--,
2020-09-01,,12.539502155731327,
2020-09-02,,--,
2020-09-03,,--,
2020-09-04,,12.99399198175888,
2020-09-05,,13.270062632845711,
2020-09-06,,13.661188583103584,
2020-09-07,,13.82776216365647,
2020-09-08,,12.619951289533132,
2020-09-09,,13.294428326543493,
2020-09-10,,13.770884881360233,
2020-09-11,,--,
2020-09-12,,14.358077611678686,
2020-09-13,,13.291486554260604,
2020-09-14,,13.298419242940604,
2020-09-15,,14.076965720084015,
2020-09-16,,14.23306334252451,
2020-09-17,,--,
2020-09-18,,--,
2020-09-19,,13.737678884345794,
2020-09-20,,14.253946015329072,
2020-09-21,,13.739223499802605,
2020-09-22,,13.691303883402963,
2020-09-23,,13.859853609352665,
2020-09-24,,13.612157232334766,
2020-09-25,,13.70417758233533,
2020-09-26,,13.496966193704043,
2020-09-27,,13.31456816288693,
2020-09-28,,13.433173581932772,
2020-09-29,,13.32617431640625,
2020-09-30,,12.845674887048192,
2020-10-01,,13.256919397499313,
2020-10-02,,13.912546855327916,
2020-10-03,,14.39009049591222,
2020-10-04,,16.846248626708984,
2020-10-05,,13.618833244029394,
2020-10-06,,13.518156369123252,
2020-10-07,,13.429555404589372,
2020-10-08,,14.474576271186441,
2020-10-09,,13.6074654296021,
2020-10-10,,14.343507910210938,
2020-10-11,,13.739638558143577,
2020-10-12,,14.137933040964327,
2020-10-13,,15.009748129580618,
2020-10-14,,14.440501200480192,
2020-10-15,,--,
2020-10-16,,13.213778043496912,
2020-10-17,,12.584467850332185,
2020-10-18,,13.619882136093073,
2020-10-19,,15.044092636059835,
2020-10-20,,14.042893571978444,
2020-10-21,,13.49271926049007,
2020-10-22,,13.90158420138889,
2020-10-23,,14.256999206542968,
2020-10-24,,13.678429728403142,
2020-10-25,,13.604486215858133,
2020-10-26,,13.66607677715655,
2020-10-27,,13.17676143029143,
2020-10-28,,14.120767513736263,
2020-10-29,,14.970182593424102,
2020-10-30,,13.486725856440728,
2020-10-31,,13.69591775412088,
2020-11-01,,15.073924748270953,
2020-11-02,,14.855175970873786,
2020-11-03,,15.600353462656049,
2020-11-04,,13.776704799107144,
2020-11-05,,14.322992008866075,
2020-11-06,,15.155725249610995,
2020-11-07,,14.080026284039986,
2020-11-08,,14.7395959544965,
2020-11-09,,14.847751682732259,
2020-11-10,,15.518977894920782,
2020-11-11,,16.34389140271493,
2020-11-12,,13.951985167501565,
2020-11-13,,15.678369680162293,
2020-11-14,,14.866636341903952,
2020-11-15,,15.737386659995147,
2020-11-16,,15.303257677246496,
2020-11-17,,14.675782546752242,
2020-11-18,,15.160471210042939,
2020-11-19,,15.870114154697205,
2020-11-20,,14.743570714164113,
2020-11-21,,16.698593139648438,
2020-11-22,,16.327848362841298,
2020-11-23,,13.39981998305723,
2020-11-24,,16.06323858788396,
2020-11-25,,16.219013270295747,
2020-11-26,,16.305021850512357,
2020-11-27,,16.54711723625195,
2020-11-28,,19.437742233276367,
2020-11-29,,16.08407178852067,
2020-11-30,,17.004564468503936,
2020-12-01,,24.14124870300293,
2020-12-02,,15.387885226817545,
2020-12-03,,16.04576070292982,
2020-12-04,,16.086794969512194,
2020-12-05,,15.153058404228437,
2020-12-06,,15.333934399477807,
2020-12-07,,15.513467235388454,
2020-12-08,,16.353006730293536,
2020-12-09,,16.93976507254328,
2020-12-10,,17.468553173449614,
2020-12-11,,16.733326014832162,
2020-12-12,,14.832799566849046,
2020-12-13,,--,
2020-12-14,,16.08642262085356,
2020-12-15,,17.79845773430641,
2020-12-16,,20.845714024135045,
2020-12-17,,17.484301190043606,
2020-12-18,,15.802235214613368,
2020-12-19,,16.367692406210594,
2020-12-20,,16.01565882034632,
2020-12-21,,15.318425757647281,
2020-12-22,,15.796840504100084,
2020-12-23,,18.080904642740887,
2020-12-24,,17.475010970411233,
2020-12-25,,17.018267310252995,
2020-12-26,,16.682262479986278,
2020-12-27,,17.37803255574087,
2020-12-28,,15.959343302505967,
2020-12-29,,17.223109928641733,
2020-12-30,,18.016250610351562,
2020-12-31,,17.15253884572697,
2021-01-01,,17.802206656740267,
2021-01-02,,17.592983903556036,
2021-01-03,,16.95221950808625,
2021-01-04,,15.517126964546783,
2021-01-05,,19.087498256138392,
2021-01-06,,16.561153470552885,
2021-01-07,,16.952995032347506,
2021-01-08,,17.07487928908979,
2021-01-09,,17.533221426686023,
2021-01-10,,17.78792015462787,
2021-01-11,,18.116182524926447,
2021-01-12,,15.961422886301877,
2021-01-13,,17.180667469473516,
2021-01-14,,17.1120481271777,
2021-01-15,,16.995427262755932,
2021-01-16,,15.498342895507813,
2021-01-17,,15.974369021458118,
2021-01-18,,20.00843452785326,
2021-01-19,,16.5864944653133,
2021-01-20,,16.832741550236285,
2021-01-21,,17.49015661592506,
2021-01-22,,17.991871298124384,
2021-01-23,,18.201144076172906,
2021-01-24,,17.557404088810138,
2021-01-25,,--,
2021-01-26,,17.316360622765195,
2021-01-27,,18.362518984720175,
2021-01-28,,15.97494682591623,
2021-01-29,,18.27261919466403,
2021-01-30,,16.703010805191532,
2021-01-31,,17.253727779118403,
2021-02-01,,17.22706671365163,
2021-02-02,,18.065207384841994,
2021-02-03,,18.75582719831137,
2021-02-04,,16.67167508335918,
2021-02-05,,18.133242646031302,
2021-02-06,,16.647639287994892,
2021-02-07,,16.28576894906851,
2021-02-08,,18.3319724883596,
2021-02-09,,17.336408384677203,
2021-02-10,,17.90727931488801,
2021-02-11,,20.332633780901812,
2021-02-12,,17.24856627017842,
2021-02-13,,17.582396678769758,
2021-02-14,,18.87606243609407,
2021-02-15,,19.02699538338503,
2021-02-16,,18.59844048440153,
2021-02-17,,18.65473578645008,
2021-02-18,,19.458459620649197,
2021-02-19,,20.130861516114887,
2021-02-20,,18.258629948447048,
2021-02-21,,20.422740117263057,
2021-02-22,,17.851633658916587,
2021-02-23,,17.616873719262294,
2021-02-24,,18.315465646196706,
2021-02-25,,18.77122568294702,
2021-02-26,,19.181113088416783,
2021-02-27,,18.824319649446494,
2021-02-28,,18.6060465151638,
2021-03-01,,17.803284143518518,
2021-03-02,,18.50590355024101,
2021-03-03,,17.44182731033978,
2021-03-04,,18.870222423700074,
2021-03-05,,17.378833339225114,
2021-03-06,,17.57274065327302,
2021-03-07,,19.694210654810856,
2021-03-08,,17.833894509814268,
2021-03-09,,17.756196594621763,
2021-03-10,,16.971032816852368,
2021-03-11,,18.434507346315577,
2021-03-12,,18.350183823529413,
2021-03-13,,19.266969622987688,
2021-03-14,,17.173186049085185,
2021-03-15,,18.820658196884985,
2021-03-16,,19.159967237903224,
2021-03-17,,17.627818154850193,
2021-03-18,,18.000804496823804,
2021-03-19,,19.203081761578794,
2021-03-20,,18.29053157163862,
2021-03-21,,18.7658447063689,
2021-03-22,,18.291821076075706,
2021-03-23,,19.289124410377358,
2021-03-24,,18.233839365560414,
2021-03-25,,17.954956572666195,
2021-03-26,,17.637043805404634,
2021-03-27,,17.824061574638566,
2021-03-28,,17.52814835195324,
2021-03-29,,18.09179798221372,
2021-03-30,,18.38415829284452,
2021-03-31,,18.46544189623829,
2021-04-01,,18.619632382432567,
2021-04-02,,18.892744197558024,
2021-04-03,,18.99875007609887,
2021-04-04,,19.561490411534155,
2021-04-05,,19.67471095113438,
2021-04-06,,19.53677379133717,
2021-04-07,,18.620155631945753,
2021-04-08,,19.125902380332988,
2021-04-09,,17.494751187392055,
2021-04-10,,17.612609682881775,
2021-04-11,,17.06130161443906,
2021-04-12,,17.6021461781009,
2021-04-13,,16.169764825475145,
2021-04-14,,17.54923523917732,
2021-04-15,,17.286366587624208,
2021-04-16,,17.42751328156927,
2021-04-17,,17.773803908355795,
2021-04-18,,17.440434146689498,
2021-04-19,,17.04394343809981,
2021-04-20,,18.299485456924316,
2021-04-21,,17.135306064993564,
2021-04-22,,17.14828879941435,
2021-04-23,,16.955392495395948,
2021-04-24,,17.415312140391254,
2021-04-25,,17.202321170520232,
2021-04-26,,17.67043498411017,
2021-04-27,,17.68051224692697,
2021-04-28,,16.8955363866179,
2021-04-29,,17.899872083014536,
2021-04-30,,17.385103091180493,
2021-05-01,,--,
2021-05-02,,17.40621676239098,
2021-05-03,,16.40968137254902,
2021-05-04,,16.958041769709233,
2021-05-05,,16.83866013948498,
2021-05-06,,16.267588827054794,
2021-05-07,,16.946768379806027,
2021-05-08,,16.513825199581827,
2021-05-09,,16.89235902819436,
2021-05-10,,15.740068879114146,
2021-05-11,,15.321294806985295,
2021-05-12,,15.935351890205537,
2021-05-13,,16.90492412860577,
2021-05-14,,16.319733202667056,
2021-05-15,,16.338251158248546,
2021-05-16,,15.885615281879778,
2021-05-17,,15.237583237206376,
2021-05-18,,15.957231087978894,
2021-05-19,,15.82198223744818,
2021-05-20,,15.263769915723426,
2021-05-21,,16.300957190781798,
2021-05-22,,16.707311086091327,
2021-05-23,,16.442874627501066,
2021-05-24,,--,
2021-05-25,,--,
2021-05-26,,15.903847210017574,
2021-05-27,,15.78512740860796,
2021-05-28,,15.593631290221666,
2021-05-29,,15.862570727782392,
2021-05-30,,16.16561311571894,
2021-05-31,,15.84893971789635,
2021-06-01,,16.298792397103657,
2021-06-02,,15.508737939035791,
2021-06-03,,15.96593698147124,
2021-06-04,,15.397236520482444,
2021-06-05,,16.02178603566754,
2021-06-06,,16.08403021594844,
2021-06-07,,16.292488129644923,
2021-06-08,,15.35216629230635,
2021-06-09,,15.452022058823529,
2021-06-10,,15.606918551910544,
2021-06-11,,14.633216382202052,
2021-06-12,,15.647079221491229,
2021-06-13,,15.004952379452284,
2021-06-14,,15.553275112399431,
2021-06-15,,15.261290537454324,
2021-06-16,,14.943193188048246,
2021-06-17,,15.472311580882353,
2021-06-18,,15.22210957809792,
2021-06-19,,15.106830306527373,
2021-06-20,,15.243567425271738,
2021-06-21,,15.4597816356849,
2021-06-22,,15.256642115935115,
2021-06-23,,14.22129539207176,
2021-06-24,,15.408038493773946,
2021-06-25,,14.812082827669903,
2021-06-26,,14.763614954871683,
2021-06-27,,14.704054156553399,
2021-06-28,,15.110933344414894,
2021-06-29,,15.177558069132541,
2021-06-30,,15.344449531949532,
2021-07-01,,14.937771571780484,
2021-07-02,,14.067448580994897,
2021-07-03,,14.561832551033266,
2021-07-04,,14.274005195752817,
2021-07-05,,14.442910380747126,
2021-07-06,,14.417736825522779,
2021-07-07,,14.563346708168561,
2021-07-08,,14.584511051358584,
2021-07-09,,14.588623447762727,
2021-07-10,,14.619338264996971,
2021-07-11,,14.884707039501478,
2021-07-12,,14.385120738636363,
2021-07-13,,14.983735849505328,
2021-07-14,,14.452021589619966,
2021-07-15,,14.356944826200948,
2021-07-16,,13.691556614755795,
2021-07-17,,14.285642570281125,
2021-07-18,,13.69748263888889,
2021-07-19,,14.274467566815146,
2021-07-20,,13.156394522991544,
2021-07-21,,14.020059655499368,
2021-07-22,,--,
2021-07-23,,13.548436951626112,
2021-07-24,,13.21530009547117,
2021-07-25,,13.843039772727273,
2021-07-26,,13.221812123732573,
2021-07-27,,14.321279974106876,
2021-07-28,,13.85254964593596,
2021-07-29,,13.645555628158215,
2021-07-30,,14.002057065217391,
2021-07-31,,14.062795971149644,
2021-08-01,,13.732989315810594,
2021-08-02,,14.168275084612844,
2021-08-03,,13.481944172249145,
2021-08-04,,13.65472041511772,
2021-08-05,,14.014501899644031,
2021-08-06,,13.397427306692657,
2021-08-07,,14.016977043365308,
2021-08-08,,13.633335210633026,
2021-08-09,,13.99127814665127,
2021-08-10,,14.29994485565564,
2021-08-11,,13.176196460992518,
2021-08-12,,13.53589218685726,
2021-08-13,,13.771707676466411,
2021-08-14,,13.85556409450509,
2021-08-15,,13.94306079600779,
2021-08-16,,13.748018962990106,
2021-08-17,,13.572333757267442,
2021-08-18,,12.905255268895349,
2021-08-19,,14.188316805043051,
2021-08-20,,14.34657346491228,
2021-08-21,,13.870538784385113,
2021-08-22,,14.011171998096113,
2021-08-23,,13.580673905835544,
2021-08-24,,13.541089289222105,
2021-08-25,,13.693066334072432,
2021-08-26,,13.933027068661971,
2021-08-27,,13.566454356527094,
2021-08-28,,13.636349416928722,
2021-08-29,,13.783696850557497,
2021-08-30,,13.791924098615091,
2021-08-31,,13.817538174715908,
2021-09-01,,13.295401375586396,
2021-09-02,,14.693586847389557,
2021-09-03,,13.26224992478941,
2021-09-04,,13.513126159042741,
2021-09-05,,13.74105593475243,
2021-09-06,,13.506999950486646,
2021-09-07,,13.707403343844126,
2021-09-08,,14.321803563726547,
2021-09-09,,14.551087709636157,
2021-09-10,,14.488668397082943,
2021-09-11,,14.39092148225727,
2021-09-12,,13.890182358733526,
2021-09-13,,13.784767218303875,
2021-09-14,,13.810475693334398,
2021-09-15,,13.907371879395217,
2021-09-16,,14.027977195945946,
2021-09-17,,14.404828729904855,
2021-09-18,,13.791527529448885,
2021-09-19,,14.287611311885865,
2021-09-20,,13.505974264705882,
2021-09-21,,13.60170277574203,
2021-09-22,,12.929612682711694,
2021-09-23,,13.03737105742815,
2021-09-24,,14.166843854815525,
2021-09-25,,13.35412533068783,
2021-09-26,,14.089949701106352,
2021-09-27,,13.806420582003987,
2021-09-28,,14.131596115699791,
2021-09-29,,14.542868669109879,
2021-09-30,,14.570637428977273,
2021-10-01,,14.487811088562012,
2021-10-02,,13.080138312445747,
2021-10-03,,12.762584339488637,
2021-10-04,,13.97342853017362,
2021-10-05,,13.765206175245622,
2021-10-06,,14.19167065467075,
2021-10-07,,13.711474639949905,
2021-10-08,,13.885031281839021,
2021-10-09,,13.435378813198833,
2021-10-10,,13.64872406397904,
2021-10-11,,13.749992478337612,
2021-10-12,,13.679238483110662,
2021-10-13,,13.771922036981659,
2021-10-14,,13.153948577198737,
2021-10-15,,13.334849939837097,
2021-10-16,,13.117000411184211,
2021-10-17,,14.349144839950608,
2021-10-18,,13.295126241721855,
2021-10-19,,14.11393552768466,
2021-10-20,,13.476310067806605,
2021-10-21,,14.50830078125,
2021-10-22,,14.365280653521282,
2021-10-23,,14.311124262174127,
2021-10-24,,14.833339265375853,
2021-10-25,,15.386565860215054,
2021-10-26,,14.735242445537597,
2021-10-27,,14.658785909306742,
2021-10-28,,14.307985849648594,
2021-10-29,,14.38133168443341,
2021-10-30,,14.279781701103877,
2021-10-31,,14.813175987137974,
2021-11-01,,14.595453577512776,
2021-11-02,,15.001706265542222,
2021-11-03,,15.005125427246094,
2021-11-04,,14.710472272437261,
2021-11-05,,15.20361094038107,
2021-11-06,,15.089999198913574,
2021-11-07,,13.89930695564516,
2021-11-08,,14.816743377735008,
2021-11-09,,15.719448920964126,
2021-11-10,,14.67818153699497,
2021-11-11,,14.750739080255682,
2021-11-12,,--,
2021-11-13,,14.414584426071112,
2021-11-14,,14.457991670971074,
2021-11-15,,13.630570722548342,
2021-11-16,,--,
2021-11-17,,14.7890270235027,
2021-11-18,,16.563468424479165,
2021-11-19,,14.057888321560197,
2021-11-20,,14.05658475627554,
2021-11-21,,14.242972141377269,
2021-11-22,,14.385859316435532,
2021-11-23,,12.896177404067096,
2021-11-24,,14.513448780980603,
2021-11-25,,15.64268903893079,
2021-11-26,,14.52172216997264,
2021-11-27,,14.977057770961146,
2021-11-28,,15.224362391686975,
2021-11-29,,15.505328960428798,
2021-11-30,,16.021545124294462,
2021-12-01,,15.746793170559094,
2021-12-02,,17.172278985138437,
2021-12-04,,16.114782375567216,
2021-12-05,,16.311405853929024,
2021-12-06,,16.306389596394986,
2021-12-07,,15.441575866817887,
2021-12-08,,15.448545668505135,
2021-12-09,,15.734040798611112,
2021-12-10,,17.125077219665986,
2021-12-11,,16.45077149155033,
2021-12-12,,16.056449409965033,
2021-12-13,,16.4766752480457,
2021-12-14,,16.12750838014133,
2021-12-15,,15.60153577669542,
2021-12-16,,16.65090146926873,
2021-12-17,,17.025867953069657,
2021-12-18,,17.089209882094323,
2021-12-19,,17.777321051241415,
2021-12-20,,16.683985802642677,
2021-12-21,,17.961875358989086,
2021-12-22,,18.963626637178308,
2021-12-23,,17.677828590785907,
2021-12-24,,17.489333151382823,
2021-12-25,,17.937962661554785,
2021-12-26,,19.94301086198885,
2021-12-27,,18.38839106089056,
2021-12-28,,17.370901153603032,
2021-12-29,,17.3960956601467,
2021-12-30,,17.209631285691625,
2021-12-31,,18.16381210785145,
2022-01-01,0.14237277954423647,17.331568707028264,
2022-01-02,0.24099970465358242,18.325926448457487,
2022-01-03,0.28930108541574323,17.499122312760054,
2022-01-04,0.3319637149959416,18.602535445601852,
2022-01-05,--,18.03563201121795,
2022-01-06,0.35705148308282714,16.902608058763587,
2022-01-07,0.08202257752418518,16.74837943412162,
2022-01-08,0.38130983776859423,--,
2022-01-09,0.47591960286979584,17.769598190378435,
2022-01-10,2.6763697443781673,18.34431327450244,
2022-01-11,0.38756460424159217,18.470056982633864,
2022-01-12,--,18.601282719382176,
2022-01-13,0.45324775127713435,17.609530060494833,
2022-01-14,0.39164073431669777,16.77635981721698,
2022-01-15,0.5004467863277656,19.88373187640766,
2022-01-16,0.1713449847403225,17.73147911739411,
2022-01-17,0.20333221219450728,18.084849178303816,
2022-01-18,0.13960499549979594,18.56997630635246,
2022-01-19,0.42295544604987323,18.930187276100305,
2022-01-20,0.2565739453669046,18.04029353993889,
2022-01-21,0.10983043246799046,17.923989930810116,
2022-01-22,0.18443391286782201,17.380727382990866,
2022-01-23,0.19820785522460938,18.255023484002976,
2022-01-24,0.3078774315774398,17.906130691459275,
2022-01-25,0.2706940448530023,18.23030540139391,
2022-01-26,0.582964697703482,19.975001300999168,
2022-01-27,0.19332749826027315,19.580354310188543,
2022-01-28,0.1553944492340088,19.258339783281734,
2022-01-29,0.43351206706441464,20.449570355378704,
2022-01-30,0.32970381274665755,20.31313778692615,
2022-01-31,0.30042761915867094,21.40842467655515,
2022-02-01,0.31313188356383886,19.075645801083592,
2022-02-02,0.3729661616863732,17.680574241682976,
2022-02-03,0.29679127284458706,19.561579350490195,
2022-02-04,0.43464366587330716,19.924658535289115,
2022-02-05,0.32177515995726574,18.21841142815759,
2022-02-06,0.2124029644869695,18.242148538263113,
2022-02-07,0.29593260532881754,18.451177998887427,
2022-02-08,0.2607295352987044,18.712803364589078,
2022-02-09,0.3582419299204415,18.219538386254893,
2022-02-10,0.3340160443806316,--,
2022-02-11,0.5033428998412752,17.91287643106023,
2022-02-12,0.2077238394076893,18.520929113880943,
2022-02-13,--,19.67182766398841,
2022-02-14,0.3886290613743191,19.36422726274165,
2022-02-15,0.18316159620965458,18.284868421052632,
2022-02-16,0.19739728916191054,18.87874984741211,
2022-02-17,0.26572643513489674,17.928898063248504,
2022-02-18,0.5136749267578125,20.80027290239726,
2022-02-19,0.48871793562582383,18.270370960884353,
2022-02-20,0.29480391792629074,20.713602045530912,
2022-02-21,0.2485983902710494,17.811018041237112,
2022-02-22,0.3743252180232558,18.763544238309613,
2022-02-23,0.33415780012611196,18.322088111504208,
2022-02-24,0.32277167731802425,18.374296818291796,
2022-02-25,0.6341932171403197,18.561525620250336,
2022-02-26,0.45400066128219624,18.59008877754904,
2022-02-27,0.4324763643568841,17.32560140779703,
2022-02-28,0.4826612880464234,18.785506756756757,
2022-03-01,0.8546462221997313,20.78499994467068,
2022-03-02,0.4361166966555938,16.972843594955897,
2022-03-03,0.6017574104300316,18.994558224319107,
2022-03-04,0.3144177594672685,18.949332682291665,
2022-03-05,0.5419303115028616,18.51932185767098,
2022-03-06,0.8330315191855913,18.62472195095486,
2022-03-07,0.13353692054357846,17.418373226950354,
2022-03-08,0.956992009662015,16.424502454315707,
2022-03-09,0.7623803143168605,17.454381698762635,
2022-03-10,0.6759393273908093,17.583843359902158,
2022-03-11,0.6611749223378868,17.72663840620329,
2022-03-12,0.4909001060325525,17.649567892699114,
2022-03-13,0.6003803260357815,17.884393901866723,
2022-03-14,0.7741639449299755,18.15696426265496,
2022-03-15,0.4851582606447094,17.614654195011337,
2022-03-16,0.44713394833307196,18.71422769307673,
2022-03-17,0.478926803546832,18.39273068824276,
2022-03-18,0.4953122161155523,18.186732731340026,
2022-03-19,0.3692397930265134,18.446033915703033,
2022-03-20,0.42979106052836524,19.224533533402923,
2022-03-21,0.5370364583333334,18.329483397365532,
2022-03-22,0.180265967525653,18.04405494737526,
2022-03-23,0.15433548592232368,17.9543416750503,
2022-03-24,0.5579876528987936,15.88977235736269,
2022-03-25,0.4375110935380638,18.839303432937957,
2022-03-26,0.4669886941821062,18.452344431719023,
2022-03-27,0.4578241463274595,18.427286350814207,
2022-03-28,0.4200163217327114,18.039429335192935,
2022-03-29,0.5870962983385554,18.53994278169014,
2022-03-30,0.2171355117707563,18.60310759888633,
2022-03-31,0.9235373685275081,17.677498953683035,
2022-04-01,,17.489354950679708,
2022-04-14,--,,
2022-04-16,--,,
2022-04-17,0.29518922170003253,--,
2022-04-18,0.18375044893627324,17.13088644389659,
2022-04-19,0.5526653880804357,17.13107710971559,
2022-04-20,0.33879634070555015,17.60441325984589,
2022-04-21,0.39365805387036856,16.694880870165747,
2022-04-22,0.7340184992009943,17.74711530770051,
2022-04-23,0.7270168882833041,17.61578202175152,
2022-04-24,0.2563570743878829,17.078223646451118,
2022-04-25,0.5210582102377583,16.661849145683455,
2022-04-26,0.30180875584722816,16.919757848950233,
2022-04-27,0.3356744228714809,17.473666832095287,
2022-04-28,0.6456112575022229,16.34599914550781,
2022-04-29,0.22586711719878041,17.13530601724569,
2022-04-30,0.47703463912815897,17.182840251962,
2022-05-01,0.40604658860426684,17.054302036293695,
2022-05-02,0.6246154605464916,16.425066964285715,
2022-05-03,0.7920447315170227,17.283124012913415,
2022-05-04,0.47288186603347504,16.60893502926237,
2022-05-05,0.6769779917529172,16.738200864897106,
2022-05-06,0.6942512709762253,16.462562871042216,
2022-05-07,0.3780861326976778,16.584973843612335,
2022-05-08,0.36208675021216985,16.783029513888888,
2022-05-09,0.6316801353818564,16.570137279455743,
2022-05-10,0.5732386530089296,16.503308619733925,
2022-05-11,0.5564090507075472,16.613280423280422,
2022-05-12,0.3735220080056283,16.755384937739464,
2022-05-13,0.4730855464935303,16.0909105122383,
2022-05-14,0.49244674803209604,--,
2022-05-15,0.2543855309486389,16.614151431346055,
2022-05-16,0.49722218042850264,16.15485949785561,
2022-05-17,0.46186065673828125,16.090034855043285,
2022-05-18,0.5540633362003058,16.052033598152786,
2022-05-19,0.7910563458136792,16.044133237693085,
2022-05-20,1.4887188734997072,16.430288360841153,
2022-05-21,0.8682004022537212,16.36479017995656,
2022-05-22,0.7815968407261201,15.964481901113249,
2022-05-23,0.6657190796675956,16.071966174472767,
2022-05-24,0.5556802342080662,15.966139567669172,
2022-05-25,0.45072332620023786,15.581343430739183,
2022-05-26,0.7461231881782556,16.121883571708462,
2022-05-27,0.29967085494686235,15.90448207318515,
2022-05-28,0.48196521818329013,15.909661878668379,
2022-05-29,0.7154741517587561,16.024831960867118,
2022-05-30,0.4750661175716468,--,
2022-05-31,0.31823281808332965,15.77728788731462,
2022-06-01,0.3083717054356643,15.481134171383214,6378.0
2022-06-02,--,15.510931695257867,6404.0
2022-06-03,0.31346159660410217,16.21831890484234,6421.0
2022-06-04,0.44793774228101196,15.289216201786177,6424.0
2022-06-05,0.26786254274199833,15.611702127659575,6459.0
2022-06-06,0.5508199342539613,15.130713633953082,6435.0
2022-06-07,1.2765481667440446,15.135516012979684,6420.0
2022-06-08,0.545329911120376,15.124712061500889,6475.0
2022-06-09,--,14.93916293649911,6517.0
2022-06-10,0.3943900332109926,14.921245399825349,6572.0
2022-06-11,1.1665821403162586,14.708495020604396,6536.0
2022-06-12,0.2059416337446733,14.369599609375,6517.0
2022-06-13,2.2833078058885756,14.47997439862009,6515.0
2022-06-14,1.3881847136611238,14.811773681640625,6506.0
2022-06-15,0.5286411880757768,15.03417615349819,6392.0
2022-06-16,--,14.721161466218774,6305.0
2022-06-17,0.4572550996204934,14.818445877039627,6306.0
2022-06-18,1.8932300914417615,15.268472400245207,6268.0
2022-06-19,0.2814962863922119,14.895440768701425,6261.0
2022-06-20,0.7172577956627155,15.71089634547849,6291.0
2022-06-21,0.5425658697196146,14.856373818882007,6363.0
2022-06-22,4.076649418583623,14.953487466449387,6389.0
2022-06-23,0.9905399322509766,15.604263024827453,6396.0
2022-06-24,0.3620636715417022,14.722367280383091,6391.0
2022-06-25,1.1499661763509115,15.111662868162693,6397.0
2022-06-26,0.3215551778543377,14.998407277562862,6339.0
2022-06-27,2.6373780691964286,14.86942190916901,6318.0
2022-06-28,1.0755068689613527,14.939258778198393,6335.0
2022-06-29,0.596745124230018,15.002097396803228,6362.0
2022-06-30,1.2213132900532373,14.899037034076375,6378.0
2022-07-01,0.21188043911011145,15.145662540584416,6395.0
2022-07-02,1.290526563471014,14.842870957675336,6406.0
2022-07-03,1.2427059809366863,14.777542372881356,6399.0
2022-07-04,1.1467125187238896,14.813712924988112,6451.0
2022-07-05,0.6378060420658782,14.667782582110412,6487.0
2022-07-06,0.9672407048757002,14.747364288345064,6526.0
2022-07-07,0.4261246065122891,14.686559530095037,6488.0
2022-07-08,0.48072418363967745,14.50271811528335,6499.0
2022-07-09,0.555120664654356,14.539826731401561,6521.0
2022-07-10,0.6032925332559121,14.317680599326234,6491.0
2022-07-11,0.34560938164739324,14.050594467714609,6438.0
2022-07-12,0.3083129307461459,14.578294449200913,6320.0
2022-07-13,0.6429714626736112,14.360718653450052,6252.0
2022-07-14,0.5295804228334904,14.596173604898233,6273.0
2022-07-15,2.7983508110046387,14.487207696675615,6304.0
2022-07-16,0.21190949281056723,13.503505994799692,6350.0
2022-07-17,0.31500990807527884,14.164483642578125,6394.0
2022-07-18,0.5030232943021334,14.273370134269525,6409.0
2022-07-19,0.1532319748282034,14.184865576589209,6302.0
2022-07-20,0.8210162460060786,14.270184288726995,6283.0
2022-07-21,0.626471598198349,14.264538293950059,6326.0
2022-07-22,--,14.156233278039384,6328.0
2022-07-23,0.865138216440833,14.808354427939967,6140.0
2022-07-24,0.37277069091796877,14.488070885561745,6125.0
2022-07-25,--,14.780425525102459,6148.0
2022-07-26,0.33567336977393025,13.79697973901099,6192.0
2022-07-27,0.6971477622392549,13.513573884692132,6184.0
2022-07-28,0.4360606127734226,13.589122023809523,6214.0
2022-07-29,0.5945604672948196,13.83576388888889,6205.0
2022-07-30,--,14.25221486134572,6225.0
2022-07-31,0.2790465414053692,--,6249.0
2022-08-01,1.3285826661716253,13.909417120964973,6287.0
2022-08-02,--,13.996647713451715,6308.0
2022-08-03,1.2488476717019383,13.678880126698015,6300.0
2022-08-04,0.37697035414320573,13.873460196228677,6320.0
2022-08-05,0.533106479983358,13.883548719121684,6351.0
2022-08-06,0.5034904315411993,13.788973644659878,6369.0
2022-08-07,0.4148714412480143,13.835927108734206,6366.0
2022-08-08,0.5146642090409546,13.808795429730152,6287.0
2022-08-09,0.493242282862997,14.143152087737844,6227.0
2022-08-10,--,--,6189.0
2022-08-11,0.3724718152379697,13.09680255417055,6186.0
2022-08-12,0.5539867734530186,13.477492635758196,6237.0
2022-08-13,0.3834023554065816,13.724824664846077,6266.0
2022-08-14,0.3370753811032253,13.638820113935145,6305.0
2022-08-15,0.3172776044425318,13.685594581662414,6360.0
2022-08-16,0.7625875507955586,13.619778838259442,6404.0
2022-08-17,--,--,6337.0
2022-08-18,0.16965866461032775,14.225965683023873,6272.0
2022-08-19,--,13.766814438977724,6231.0
2022-08-20,0.4976947446228551,13.582807827452154,6147.0
2022-08-21,0.5524443224410784,13.676804210763342,6126.0
2022-08-22,0.15676986087452283,13.82028854446148,6176.0
2022-08-23,0.37710324139662194,13.59261491248451,6193.0
2022-08-24,0.29497718811035156,13.618084897547114,6217.0
2022-08-25,0.44115583931079455,12.66744149794601,6235.0
2022-08-26,0.36451657031964124,13.036319842253763,6233.0
2022-08-27,0.4587219338833402,14.012385395144628,6241.0
2022-08-28,0.5242144086451539,14.127327181892333,6263.0
2022-08-29,0.29998911807411593,13.982350370218017,6266.0
2022-08-30,0.3128341100868393,13.2703245673627,6285.0
2022-08-31,0.34340898485606525,13.770491724403387,6294.0
2022-09-01,0.41678356256600685,13.512993208858944,6334.0
2022-09-02,0.19627385434851183,13.606031879992393,6336.0
2022-09-03,0.34083938788073165,13.4727703125,6308.0
2022-09-04,0.359408696492513,13.765254015363128,6309.0
2022-09-05,0.34408717240193354,13.125308943383487,6248.0
2022-09-06,0.488284209280303,13.333724050158674,6322.0
2022-09-07,0.24998605402635754,13.934282677705461,6390.0
2022-09-08,0.2910669625343272,14.124257160250464,6400.0
2022-09-09,0.18300942012241908,13.932725563555488,6369.0
2022-09-10,0.34005295325969825,13.606163277274174,6386.0
2022-09-11,0.48708316228500814,13.172470973320157,6419.0
2022-09-12,0.37342250411471867,13.135361038196958,6450.0
2022-09-13,0.4169077849018026,13.644843795132871,6479.0
2022-09-14,0.2805632309392396,13.896363069047217,6460.0
2022-09-15,0.3045771564787283,13.519276746548833,6471.0
2022-09-16,0.3007825992498367,13.58201740959775,6421.0
2022-09-17,0.34214789941930457,13.530354488233806,6406.0
2022-09-18,0.29512991266458577,13.728115620586157,6345.0
2022-09-19,0.5608314850565904,13.09821981229925,6297.0
2022-09-20,--,13.815176468113748,6257.0
2022-09-21,0.3257112662153459,13.428996176491081,6208.0
2022-09-22,0.3975013770493381,13.563296862834155,6204.0
2022-09-23,0.23292265997992623,13.957627073358413,6216.0
2022-09-24,0.6254480359829874,13.491539879640618,6258.0
2022-09-25,0.32848908729159954,13.936345209223939,6302.0
2022-09-26,0.5865404790999861,13.380130867616034,6324.0
2022-09-27,0.5788539877623804,13.759501992389431,6186.0
2022-09-28,0.16156055529912314,13.541769722911798,6177.0
2022-09-29,0.6269367650612113,13.42205807161675,6242.0
2022-09-30,0.46452408872196066,13.709431446589848,6227.0
2022-10-01,0.7205412006480707,14.004054639373717,6239.0
2022-10-02,0.5993689518136951,14.199287561086487,6236.0
2022-10-03,0.6487215085137159,14.378586358723297,6244.0
2022-10-04,--,13.621665954589844,6216.0
2022-10-05,0.7233327641660868,14.603571210588727,6355.0
2022-10-06,0.4574765021268303,14.904126109972678,6413.0
2022-10-07,0.3441402235943922,14.215218719699418,6480.0
2022-10-08,0.46856209338485183,13.705309216537232,6451.0
2022-10-09,0.5526751967334242,13.921068846533027,6449.0
2022-10-10,0.4881661251803207,14.011073190789475,6442.0
2022-10-11,0.27847463434392755,--,6479.0
2022-10-12,0.4638060968404251,13.51545437899503,6517.0
2022-10-13,0.47849531976210863,13.59548760775862,6530.0
2022-10-14,0.3487226205278737,14.216860200727597,6515.0
2022-10-15,0.4219808348594659,13.866352546412443,6355.0
2022-10-16,0.39869193688465854,14.271658224587911,6315.0
2022-10-17,0.4551692399670253,14.5060947696098,6319.0
2022-10-18,0.6540603513863841,14.047995456777995,6345.0
2022-10-19,0.5904980361592447,14.81948589161623,6359.0
2022-10-20,0.39708378900512264,15.324960877000516,6380.0
2022-10-21,0.30216133413588214,14.847380899044206,6372.0
2022-10-22,0.3855751261991613,15.06431446985924,6348.0
2022-10-23,--,13.86841301114606,6359.0
2022-10-24,0.5805431620279948,--,6346.0
2022-10-25,--,11.447486011402027,6332.0
2022-10-26,0.6156901879744097,11.201162010732324,6331.0
2022-10-27,0.4764008502313379,15.757171555133375,6343.0
2022-10-28,0.2268502414226532,14.853803358484592,6345.0
2022-10-29,0.3444874920252552,13.97387742535058,6375.0
2022-10-30,--,13.752318255122692,6380.0
2022-10-31,0.30197525678736065,15.516394095359441,6363.0
2022-11-01,0.11963403970003128,14.123507067572891,6393.0
2022-11-02,0.20309765738730104,14.493274592210387,6398.0
2022-11-03,0.3963461785567434,14.977844704198473,6400.0
2022-11-04,0.2539033743362063,15.456552181603774,6419.0
2022-11-05,0.30157195185956587,14.714736524306089,6444.0
2022-11-06,0.28361380894978844,14.975965049662426,6490.0
2022-11-07,0.47008817188823593,15.763354846632463,6409.0
2022-11-08,0.4320595886612735,15.882388951382792,6355.0
2022-11-09,0.5632431129264655,16.62334496814093,6422.0
2022-11-10,0.1691635868005585,15.79998123819482,6413.0
2022-11-11,--,16.165823184742646,6406.0
2022-11-12,0.34293044348504526,14.730514383761681,6327.0
2022-11-13,0.07243077456951141,16.10266527527076,6357.0
2022-11-14,0.2554641879418407,15.69052299779123,6369.0
2022-11-15,0.47417689592410356,15.009403935185185,6385.0
2022-11-16,0.4276230405130293,14.47486335279304,6391.0
2022-11-17,0.24083293323785487,15.922478170955882,6402.0
2022-11-18,0.35372291040168236,15.17910447761194,6416.0
2022-11-19,0.29977398192858057,16.294583638509113,6383.0
2022-11-20,--,15.153080732909054,6370.0
2022-11-21,0.3098176622535389,14.720070226801067,6325.0
2022-11-22,--,14.436388646880713,6315.0
2022-11-23,0.42725129481834895,15.783864763479146,6318.0
2022-11-24,0.270671278896392,16.198494823184568,6324.0
2022-11-25,0.8694501247977691,15.484920820225456,6331.0
2022-11-26,0.4669442372779324,17.204868696312204,6319.0
2022-11-27,--,14.439491360780423,6298.0
2022-11-28,0.4345532643007063,14.872474747474747,6258.0
2022-11-29,0.4395391520331888,14.550732677519633,6250.0
2022-11-30,0.4431000927700285,15.870460899203431,6272.0
2022-12-01,0.4274379144312911,16.298462845896946,6263.0
2022-12-02,0.6435717426742156,16.07056834555934,6274.0
2022-12-03,0.3267085311892942,16.198617099491575,6251.0
2022-12-04,--,17.584378567804137,6258.0
2022-12-05,0.6448704575047348,14.945951915922619,6305.0
2022-12-06,0.10524051984151205,17.052571990473442,6307.0
2022-12-07,0.2385706121799448,15.335316596681688,6310.0
2022-12-08,0.4299890272764691,15.670041012014787,6253.0
2022-12-09,0.6249028395163498,14.441560444078947,6258.0
2022-12-10,0.29832763671875,15.772945158643326,6277.0
2022-12-11,--,14.701028567038579,6294.0
2022-12-12,0.2968887472301877,15.674110327801142,6298.0
2022-12-13,--,15.412167388613861,6313.0
2022-12-14,0.47929543187747564,15.873555896778258,6300.0
2022-12-15,1.008231636527535,16.598884907581454,6321.0
2022-12-16,0.7769005980598256,17.62444598858173,6301.0
2022-12-17,0.2819604028629351,16.762726394361927,6300.0
2022-12-18,0.8061245649288862,15.710413042365943,6291.0
2022-12-19,0.31622463534515466,15.856990834124348,6212.0
2022-12-20,0.4588191032409668,15.880269152512385,6188.0
2022-12-21,0.37627660769498256,15.695401278409092,6173.0
2022-12-22,0.5754894413871419,17.09854588704727,6166.0
2022-12-23,0.8091294030682208,18.842159955929485,6190.0
2022-12-24,0.2143670192277764,17.035364825159604,6202.0
2022-12-25,0.26951268143895096,16.758983731466227,6204.0
2022-12-26,0.4851639633587682,16.8670292615164,6083.0
2022-12-27,--,19.376250230457227,6032.0
2022-12-28,0.3120283866166306,16.873548609704216,6066.0
2022-12-29,0.2818868712667541,16.559720290143083,6119.0
2022-12-30,0.43062120309642704,16.902322259304206,6120.0
2022-12-31,0.48837618219772444,18.406441933391005,6199.0
2023-01-01,0.9225070854042048,18.723032885674932,6284.0
2023-01-02,0.31399348932842275,19.428383822929415,6307.0
2023-01-03,--,16.941935645549318,6335.0
2023-01-04,0.41928618739378776,17.99111051976221,6226.0
2023-01-05,0.22996007642781424,17.24970467808735,6290.0
2023-01-06,0.5208522687588225,17.761145640816036,6264.0
2023-01-07,0.47703712607432314,17.509520933483763,6259.0
2023-01-08,0.7720328105525125,18.791055940686398,6265.0
2023-01-09,0.41651716323441573,17.846269682367314,6272.0
2023-01-10,--,18.65218785778541,6309.0
2023-01-11,0.4514015639308608,18.42941050564061,6279.0
2023-01-12,0.20398817906567693,18.330263222571766,6272.0
2023-01-13,0.5751634742614896,19.266743126808734,6217.0
2023-01-14,0.3646733271239146,19.023697521312624,6179.0
2023-01-15,0.5153738265174898,17.18269877799311,6188.0
2023-01-16,0.34824677380907865,17.371204594017094,6190.0
2023-01-17,--,18.363531650641026,6173.0
2023-01-18,0.37951652550623055,16.93670396018931,6084.0
2023-01-19,0.21379171718250622,16.511290847614248,6097.0
2023-01-20,0.4693991188111344,18.79774821139309,6057.0
2023-01-21,0.7259009860275458,18.05695401763537,6021.0
2023-01-22,0.6152802762095091,17.16560628742515,6058.0
2023-01-23,0.2641918912846991,17.6855881844238,6136.0
2023-01-24,0.33059060838487414,18.75001486679353,6140.0
2023-01-25,0.4661897118411847,17.918016777663933,6154.0
2023-01-26,0.2614353583003363,17.703411697247706,6157.0
2023-01-27,0.5736523816104313,18.06111016638761,6140.0
2023-01-28,0.12009666991524974,19.869222706761853,6181.0
2023-01-29,0.2301976165680169,17.333848271748778,6233.0
2023-01-30,0.2620815612697651,17.853909337944664,6261.0
2023-01-31,0.35612297591182224,18.370631359271997,6255.0
2023-02-01,0.27166862874231185,18.556102772049492,6300.0
2023-02-02,--,18.510091743119265,6270.0
2023-02-03,0.3266071307938072,16.880564211727528,6221.0
2023-02-04,0.9845977113538401,17.83941446417095,6227.0
2023-02-05,0.6643255872366962,17.55358195754717,6202.0
2023-02-06,1.3419118843826594,18.180934477025392,6180.0
2023-02-07,1.2329027828754195,18.842779383085997,6151.0
2023-02-08,1.0757731479881083,18.14785516378972,6119.0
2023-02-09,0.5805735314544197,17.46196113670203,6100.0
2023-02-10,0.628920099918085,17.97170523138833,6117.0
2023-02-11,0.5885262361799923,17.73958053916309,6133.0
2023-02-12,0.5085689536990389,17.47453460550887,6132.0
2023-02-13,0.6244282709550728,17.987239435243104,6154.0
2023-02-14,0.6435105224833563,17.527878433787798,6090.0
2023-02-15,0.5482039061482217,18.526772120236647,6066.0
2023-02-16,0.14553298486402333,20.228159215328468,6053.0
2023-02-17,0.3903429213477833,19.106762005649717,6043.0
2023-02-18,0.5239609119503997,18.545571035949287,6063.0
2023-02-19,0.4775811316936266,18.529718201639174,6081.0
2023-02-20,1.3234443039190573,18.758833673990804,6060.0
2023-02-21,1.0533882571625945,19.789182286252597,5961.0
2023-02-22,2.1094610116023036,18.577493749177524,5933.0
2023-02-23,0.7073680942916959,20.01870629813539,5929.0
2023-02-24,0.6818891839948968,19.311081960245847,5937.0
2023-02-25,0.29041555240252864,18.102272727272727,5960.0
2023-02-26,0.7571552301155604,19.268174269872638,6005.0
2023-02-27,0.39959120852752816,19.240078320068665,5916.0
2023-02-28,0.15264741990229858,18.056123451368343,5821.0
2023-03-01,0.3974933550051678,17.841789813810557,5933.0
2023-03-02,0.2921848781146561,20.88703370197511,6011.0
2023-03-03,0.9359266318550981,18.93735119047619,6068.0
2023-03-04,0.5669078959913267,19.1772116796476,6064.0
2023-03-05,0.15868398774930131,18.104052534750615,6087.0
2023-03-06,0.19946751264535795,18.31067223316619,6102.0
2023-03-07,0.4733002736018254,17.909851997146934,6152.0
2023-03-08,0.34566431196909103,17.289242164317507,6186.0
2023-03-09,0.6483094030219724,18.014315824709513,6208.0
2023-03-10,1.0148579415292152,19.47374919041451,6223.0
2023-03-11,0.44478230654029216,17.72957886464497,6212.0
2023-03-12,0.4823860039669142,17.996955958549222,6232.0
2023-03-13,0.7723178205818966,18.38879156074391,6219.0
2023-03-14,0.5653387930204369,18.154260450160773,6179.0
2023-03-15,0.3881413712579982,17.524851178444372,6060.0
2023-03-16,0.6814874186117462,18.2580427897234,6026.0
2023-03-17,0.637520026281682,17.775666541222787,6061.0
2023-03-18,0.7345586775792428,19.367758903964383,6027.0
2023-03-19,0.2410154542722902,17.652833953617126,6037.0
2023-03-20,0.41080585842416595,17.84989290813898,6014.0
2023-03-21,0.6041237779585944,18.85498776524208,5971.0
2023-03-22,0.3925511597325562,18.206562731010905,5961.0
2023-03-23,0.6993702115828208,18.2549029318542,5852.0
2023-03-24,0.6140096077028835,17.70965653346619,5881.0
2023-03-25,0.7870960361910182,17.901013566774104,5915.0
2023-03-26,--,16.196665445963543,5995.0
2023-03-27,0.5719855040271703,--,6028.0
2023-03-28,0.8951713650932401,17.099937987618723,6059.0
2023-03-29,0.24899223046410524,17.812842181348426,6056.0
2023-03-30,0.45815512333457226,17.35224150849151,6057.0
2023-03-31,0.29018340572234125,17.556512188208618,6050.0
2023-04-01,0.43434573115784836,18.90333850062679,6077.0
2023-04-02,0.8236574378858516,17.448753489454095,6106.0
2023-04-03,0.6083573084797351,17.47281353335927,6117.0
2023-04-04,0.6010031994722186,17.778834317157095,6126.0
2023-04-05,0.4951056069571345,18.079427561513036,6148.0
2023-04-06,0.48651612392810717,18.176581899726433,6167.0
2023-04-07,0.743084752282431,17.91292322161423,6206.0
2023-04-08,0.44179329763187886,18.86893062631764,6239.0
2023-04-09,0.1990595592425456,18.36612215909091,6257.0
2023-04-10,0.6776780422757803,17.44658318368394,6263.0
2023-04-11,0.6881141662597656,18.333173828125,6231.0
2023-04-12,0.6017651612731232,17.730975205490076,6222.0
2023-04-13,0.5365988019152064,16.47957510318396,6223.0
2023-04-14,--,17.59218296982077,6187.0
2023-04-15,0.36591381316489363,16.676417424128605,6141.0
2023-04-16,0.5785187223458812,17.028204285272277,6156.0
2023-04-17,0.5768000882056452,17.448591207686555,6151.0
2023-04-18,1.3327868181734364,17.76265847011269,6088.0
2023-04-19,0.249208893094744,17.294161488075243,6028.0
2023-04-20,0.5426509727053411,16.6786951355178,6071.0
2023-04-21,0.7349244169584019,17.42741028156012,6087.0
2023-04-22,0.8959988114564007,17.456634398647562,6104.0
2023-04-23,0.7206958864852645,17.27075039184953,6118.0
2023-04-24,0.5398047248446463,17.57929333923652,5915.0
2023-04-25,0.4549639609552199,17.788636388790508,6000.0
2023-04-26,0.09905935704022989,17.19903829400637,6078.0
2023-04-27,0.515287277440515,17.547838379413292,6126.0
2023-04-28,0.3486467893853743,17.013178228021978,6127.0
2023-04-29,0.6620966331845238,17.02402388172858,6143.0
2023-04-30,0.3174260058137993,17.053856970500274,6153.0
2023-05-01,0.6238261413574219,17.35141878601507,6160.0
2023-05-02,0.6391414644895903,17.34409709494135,6172.0
2023-05-03,0.08900760014851888,16.72366960441335,6193.0
2023-05-04,0.26491389414968497,16.506967905405407,6199.0
2023-05-05,0.17052858975267163,17.54352839543269,6219.0
2023-05-06,0.5295516716541434,16.375836388847528,6209.0
2023-05-07,0.620653515625,16.497040099952404,6145.0
2023-05-08,0.3401442611773397,16.45668921194432,5999.0
2023-05-09,0.34960147803428615,16.58902577457265,5996.0
2023-05-10,1.8772268132067542,16.28269985265899,5828.0
2023-05-11,0.5574604149247492,17.16069626253976,5813.0
2023-05-12,1.0301205858347426,15.96130129319427,5863.0
2023-05-13,0.5891975871155349,16.384390552925467,5906.0
2023-05-14,0.6062864540840341,16.627734608487746,6005.0
2023-05-15,0.8095586909804233,16.638330194034474,6042.0
2023-05-16,0.5086737020533914,16.977747464726633,6069.0
2023-05-17,0.89755517578125,16.26297864784816,6097.0
2023-05-18,0.6482798149081541,15.950525846166185,6134.0
2023-05-19,0.8978385576235702,16.18024542217701,6131.0
2023-05-20,0.5745653174389368,16.01109831788728,6076.0
2023-05-21,0.9858551685944265,15.205162684794086,6069.0
2023-05-22,1.9598590911380829,16.448653832679373,6077.0
2023-05-23,0.31202700830275015,15.824374198913574,6125.0
2023-05-24,--,16.29025248344371,6155.0
2023-05-25,0.463650239218034,15.409176070601852,6177.0
2023-05-26,0.35016026478333234,15.741802609089081,6234.0
2023-05-27,0.8350151909722222,16.20195842760181,6254.0
2023-05-28,0.6087991733743687,15.225601688508064,6241.0
2023-05-29,1.3122573757763976,15.754342173848292,6240.0
2023-05-30,1.7250492913382394,15.466425734857483,6206.0
2023-05-31,--,15.762917836507162,6178.0
2023-06-01,0.18336039119296604,15.30317118226601,6198.0
2023-06-02,1.1870285849534827,16.157249098557692,6163.0
2023-06-03,0.7800714980175176,16.510185881655726,6161.0
2023-06-04,0.38056989937774405,15.616442294084347,6129.0
2023-06-05,0.7030617934006911,15.805919784748577,6115.0
2023-06-06,0.8933736215625406,16.611990489130434,6118.0
2023-06-07,--,15.99195820927265,6132.0
2023-06-08,0.7522693515109787,15.232304177201854,6118.0
2023-06-09,0.9334393940884761,15.457331133154335,6149.0
2023-06-10,0.5836840204831932,15.446956258011353,6167.0
2023-06-11,0.36919031121563206,15.663017997580157,6104.0
2023-06-12,0.7174803057480991,16.134101812995095,6090.0
2023-06-13,0.49830505282250726,15.427796918890449,6074.0
2023-06-14,--,15.29259232405259,6111.0
2023-06-15,0.4637690916045301,14.458696798312884,6125.0
2023-06-16,1.5016875385403405,15.553200993475683,6093.0
2023-06-17,0.2694438949646241,16.007294933828028,6078.0
2023-06-18,0.5699692119777836,15.374391526442308,6084.0
2023-06-19,0.9234792164393834,14.594347587719298,6099.0
2023-06-20,0.4690164299141425,14.688207543043113,6104.0
2023-06-21,--,14.918262708031838,6101.0
2023-06-22,--,13.988749504089355,6096.0
2023-06-23,1.1550713175117049,14.935646715255592,6098.0
2023-06-24,0.7995560540093316,14.881145240945825,6063.0
2023-06-25,0.6405688201821401,14.457923982720178,6052.0
2023-06-26,0.9137885169645327,14.744563715738284,6000.0
2023-06-27,0.2801106955788352,13.220320949132294,5968.0
2023-06-28,0.6950920104980469,15.757233796296296,5978.0
2023-06-29,0.5124136478596302,14.259046806268328,6014.0
2023-06-30,0.5562741215617512,14.114836450262079,6014.0
2023-07-01,0.8150597527779433,14.601652184311224,6008.0
2023-07-02,1.5608046395438058,14.581766141720138,6023.0
2023-07-03,--,--,5987.0
2023-07-04,1.0233708017880154,14.379089725378789,5989.0
2023-07-05,0.625765037536621,14.218399769664467,5996.0
2023-07-06,0.4846741079586988,14.398716276492214,6009.0
2023-07-07,1.293757373930642,14.5746929040572,5982.0
2023-07-08,--,14.58126916109253,6025.0
2023-07-09,0.7510765161407128,14.171358889248705,6024.0
2023-07-10,0.2911223030090332,15.461713169642858,6031.0
2023-07-11,0.6322804673016762,14.625413442336495,6028.0
2023-07-12,0.6287749668337265,14.926298846639984,6065.0
2023-07-13,1.2885620349260338,14.351134322545779,6094.0
2023-07-14,1.469380559456929,11.177499771118164,6123.0
2023-07-15,0.600051544684963,13.102175547121451,6011.0
2023-07-16,1.2271173426040085,12.839668273925781,6033.0
2023-07-17,1.592895809966739,14.177792312129203,5967.0
2023-07-18,0.5971681329609467,13.981935240963855,5996.0
2023-07-19,0.7733526107368119,14.388970825038061,6024.0
2023-07-20,0.4871507402517748,13.344022896218245,6075.0
2023-07-21,0.4097803297235231,14.163738966342187,6075.0
2023-07-22,--,14.41545979299363,6054.0
2023-07-23,0.1894014557106443,13.832457890070922,6039.0
2023-07-24,0.11818929513295491,14.408519656159157,6060.0
2023-07-25,0.9481820991898493,14.443653276771498,6056.0
2023-07-26,0.7215481070921146,14.2223798828125,6012.0
2023-07-27,--,14.760404341603053,5973.0
2023-07-28,0.33218488641500904,14.408804931016862,5949.0
2023-07-29,0.5429823552044777,14.279239413738932,5967.0
2023-07-30,0.3345128793444558,14.245398913187982,5965.0
2023-07-31,0.19013698388498726,13.893676386778116,5997.0
2023-08-01,0.45201926853345786,14.416720676849776,5986.0
2023-08-02,0.45829645414836584,14.275855855855855,5840.0
2023-08-03,1.102620228924949,14.903386348151933,5863.0
2023-08-04,0.41747783314098014,13.95756305492688,5825.0
2023-08-05,0.487015191855045,13.950252948358271,5789.0
2023-08-06,0.335127800318728,14.374946471841577,5808.0
2023-08-07,0.2701287825256182,13.967388033372075,5795.0
2023-08-08,0.6482214579016843,14.158601426208142,5814.0
2023-08-09,0.7706692020402629,14.472375104460461,5819.0
2023-08-10,0.21929619476085402,14.052783706865885,5875.0
2023-08-11,--,13.754754146919431,5920.0
2023-08-12,0.2794377253605769,13.55351448059082,5963.0
2023-08-13,0.33536972426039713,13.979226334036781,5977.0
2023-08-14,0.32399711695951866,13.984842600163532,5980.0
2023-08-15,0.5762597057131902,14.14516978240608,5987.0
2023-08-16,0.4243040361401311,14.430651425145024,6011.0
2023-08-17,0.2415755073320402,14.603446989082224,6026.0
2023-08-18,0.30752637093527274,13.936647433790384,6041.0
2023-08-19,0.5028750246221368,13.576177893875192,6025.0
2023-08-20,0.3057320053512986,13.741949566340041,5943.0
2023-08-21,0.7234109585710581,13.942818727355073,5940.0
2023-08-22,0.5111767676798344,13.98770916106357,5960.0
2023-08-23,0.5463243821333379,13.933496498962656,5975.0
2023-08-24,0.6100868385904566,13.970169364124873,5996.0
2023-08-25,0.7693495383865391,14.490677614795919,6011.0
2023-08-26,0.6282660869215938,13.923235180773542,5980.0
2023-08-27,0.452187071289561,13.524404519543975,5970.0
2023-08-28,0.47696924141572306,13.988419621865203,5990.0
2023-08-29,0.6649175521430619,14.604924602990343,5974.0
2023-08-30,0.3233060208296024,13.8223874922005,5970.0
2023-08-31,0.3733657654538098,14.158994791666666,5959.0
2023-09-01,0.5902028066334707,13.947779527091255,5947.0
2023-09-02,0.6163033179677079,14.138754215851602,5948.0
2023-09-03,0.5987520189928519,14.660534450094726,5946.0
2023-09-04,0.36490271760803367,14.085309169089147,5946.0
2023-09-05,0.4379429457238758,13.861170834654407,5994.0
2023-09-06,0.5985486328517904,14.029588698865053,6025.0
2023-09-07,0.1566640629487879,13.780189845872963,6038.0
2023-09-08,0.4502480118362992,13.93864483173077,6028.0
2023-09-09,0.21458794176578522,13.88966996492986,6022.0
2023-09-10,0.5838406495235426,13.741893271431543,6006.0
2023-09-11,0.6046789645449068,13.612676430781129,6020.0
2023-09-12,0.594253715597372,14.42732726344452,5941.0
2023-09-13,0.6774662304301506,14.666410889102872,5899.0
2023-09-14,--,14.740603177374302,5955.0
2023-09-15,0.6577673606197252,13.956856251233472,6002.0
2023-09-16,0.4841331893477697,14.515149236322562,5979.0
2023-09-17,1.1599005439852368,14.638153248587571,5991.0
2023-09-18,0.9520686921619234,13.794803311804912,5894.0
2023-09-19,0.5938313576089975,14.306098732000514,5734.0
2023-09-20,0.3350632951360977,14.123086618822674,5752.0
2023-09-21,0.4343780726232116,14.136290992858315,5784.0
2023-09-22,0.7700477628346625,14.647767702562327,5806.0
2023-09-23,0.3376224111343656,14.85601036361064,5844.0
2023-09-24,0.5817310960986947,14.801171835980421,5918.0
2023-09-25,0.6844352458054376,14.801459891936824,5742.0
2023-09-26,0.6304803274656732,14.738786470613,5791.0
2023-09-27,0.6426853002770175,14.197126535857572,5825.0
2023-09-28,0.5559915293817935,14.60619426506765,5849.0
2023-09-29,0.6918406325864546,15.15750760636122,5885.0
2023-09-30,0.3731805710565476,15.25165978493346,5938.0
2023-10-01,0.5314036801570844,14.674155179861765,5992.0
2023-10-02,0.531708278187208,14.888592827782462,6016.0
2023-10-03,0.426409960226842,14.605805906713165,6015.0
2023-10-04,0.47070995234010876,14.170956126929218,6026.0
2023-10-05,0.6364506483078003,15.711139753753065,6014.0
2023-10-06,0.48047445998933314,14.242288523706897,5976.0
2023-10-07,0.482558472393549,14.773840648331138,5976.0
2023-10-08,0.3340679194736997,15.367662196194436,6023.0
2023-10-09,0.5448510683850433,15.050050691793894,5988.0
2023-10-10,0.45749519324376947,15.425251766340745,6005.0
2023-10-11,0.42908134879944126,15.248391932586644,5970.0
2023-10-12,--,14.703421491420341,5993.0
2023-10-13,0.6060912382362211,16.04818170720881,5971.0
2023-10-14,0.41284257340370545,15.923487463662791,5947.0
2023-10-15,0.4517504074994256,14.942500076894685,5970.0
2023-10-16,0.6368946473291315,14.6636248303307,6005.0
2023-10-17,0.3490266645679378,14.139647273539929,6029.0
2023-10-18,0.456690257768539,15.015236116872343,6044.0
2023-10-19,0.3495781888666841,15.237599190760529,6000.0
2023-10-20,0.30385943821498324,15.727644440803845,5975.0
2023-10-21,0.3282220712837647,14.308934411337209,5962.0
2023-10-22,0.3887500225658148,15.10014113549007,6006.0
2023-10-23,0.5541437858544686,14.735686522995016,6005.0
2023-10-24,--,14.882396024816176,6037.0
2023-10-25,0.331978823077798,14.261692023766654,6046.0
2023-10-26,0.3226091905654575,15.322334884751774,6048.0
2023-10-27,0.5643852103593453,15.378208899930264,6051.0
2023-10-28,0.4080630443135246,14.969680817209776,6028.0
2023-10-29,0.3166395334097055,14.527716701016104,6001.0
2023-10-30,0.45321520258147585,14.071380523036254,5967.0
2023-10-31,1.054193437469672,14.262115769472926,5967.0
2023-11-01,0.6831670828304963,15.237112546845722,5936.0
2023-11-02,0.3521757579985119,15.517629159295046,5935.0
2023-11-03,0.22034014424970072,16.083004557291666,5957.0
2023-11-04,0.6015302598268728,15.851197952145776,5959.0
2023-11-05,0.37252937703638034,15.385215641744809,5910.0
2023-11-06,0.481096889019293,15.495919136112507,5797.0
2023-11-07,0.25815725424855024,16.298763101109742,5820.0
2023-11-08,0.7183924572008876,16.44874271953405,5816.0
2023-11-09,0.41410132436366714,16.896770805658875,5834.0
2023-11-10,0.2799803826116746,16.108657708492732,5849.0
2023-11-11,0.3849995045611687,15.148539433830383,5890.0
2023-11-12,0.2084219581202457,--,5877.0
2023-11-13,0.3940566168891059,14.925906372070312,5850.0
2023-11-14,0.2647947559183818,--,5857.0
2023-11-15,1.4071384898403234,14.07403799203726,5879.0
2023-11-16,0.5583047116566555,14.25923554535506,5930.0
2023-11-17,0.25168620623075044,16.721384846745206,5994.0
2023-11-18,0.4765116611707417,16.451901811682017,6030.0
2023-11-19,0.26771385192871094,16.916020610641354,6023.0
2023-11-20,0.3383507935390577,15.969202898550725,6047.0
2023-11-21,0.206647394963914,16.50918477650494,5994.0
2023-11-22,1.083428666398332,15.184868833003263,5972.0
2023-11-23,0.252102792263031,15.627673271648044,5978.0
2023-11-24,--,13.020999145507812,6016.0
2023-11-25,0.923836323752332,17.11802045036765,5867.0
2023-11-26,0.8315791130065918,14.45841184129902,5858.0
2023-11-27,0.8653670524359612,16.22970418149466,5880.0
2023-11-28,0.5104330341467697,14.288423596398305,5849.0
2023-11-29,--,16.56351288094008,5870.0
2023-11-30,0.6930698332584968,15.049123447772097,5872.0
2023-12-01,--,14.881603422619047,5807.0
2023-12-02,0.6192916186887827,16.39115699201692,5699.0
2023-12-03,4.542286998820755,16.13385653409091,5851.0
2023-12-04,0.7738186340848403,16.725885903426793,5874.0
2023-12-05,1.006944514410234,17.236276584201388,5884.0
2023-12-06,--,17.430614131242567,5945.0
2023-12-07,0.3500362803267486,15.076611918787803,5970.0
2023-12-08,--,16.900574341227486,5977.0
2023-12-09,0.29780496133340373,15.313658179306403,5977.0
2023-12-10,--,15.41872858873663,5984.0
2023-12-11,--,--,5967.0
2023-12-12,0.6873000175361906,17.897008868495814,5923.0
2023-12-13,--,15.374762903398162,5890.0
2023-12-14,0.4730937634589076,15.094295869817726,5859.0
2023-12-15,0.5621466418689008,15.351675593514765,5866.0
2023-12-16,0.5356255995052503,15.547347987176792,5819.0
2023-12-17,0.38759868959837324,15.832781456953642,5811.0
2023-12-18,--,--,5717.0
2023-12-19,0.4641376448129097,15.60971317965863,5793.0
2023-12-20,0.10551397366957231,16.286846573945063,5834.0
2023-12-21,0.6414846302821776,16.157922671127125,5887.0
2023-12-22,0.8519975537890144,15.185979380636272,5893.0
2023-12-23,0.719221484485596,15.43227509506441,5914.0
2023-12-24,0.37053789346569826,15.803206295525495,5925.0
2023-12-25,--,16.208910841368226,5933.0
2023-12-26,0.6037157610756065,14.339831474773044,5935.0
2023-12-27,0.4538384032764023,15.105923899819244,5932.0
2023-12-28,0.3396106019312022,17.702306892085538,5840.0
2023-12-29,0.49527042058255155,15.899934335030018,5820.0
2023-12-30,0.41666718891688753,15.714643205915179,5829.0
2023-12-31,1.7221062844520103,15.958526277616603,5847.0
2024-01-01,--,17.692747514777,5896.0
2024-01-02,1.3652222324425065,18.88089042627186,5945.0
2024-01-03,1.4187394055453213,17.59212917751736,5933.0
2024-01-04,1.4310163077661546,--,5852.0
2024-01-05,0.7084736598835344,15.918920693277311,5842.0
2024-01-06,--,15.844642639160156,5875.0
2024-01-07,0.7301364655190326,--,5884.0
2024-01-08,0.26622808445765317,16.15884314305279,5883.0
2024-01-09,0.7451446963028169,17.5530078125,5894.0
2024-01-10,0.4630281636479791,16.694516074719978,5908.0
2024-01-11,0.9397080513209004,17.35379851393374,5889.0
2024-01-12,0.43706817977729884,17.494700786726607,5861.0
2024-01-13,--,19.38939573053728,5846.0
2024-01-14,0.9349013941360053,15.612202962239584,5884.0
2024-01-15,0.5143177422794418,17.362275406596403,5936.0
2024-01-16,1.0285055274787587,20.130088325652842,5905.0
2024-01-17,0.35438363811698215,16.554057229945304,5913.0
2024-01-18,--,15.90979434164149,5910.0
2024-01-19,1.1864204167611763,18.977165362112586,5936.0
2024-01-20,0.1350859697246458,18.800292262120117,5941.0
2024-01-21,0.5200522008172543,16.568409790022738,5931.0
2024-01-22,1.435470858289544,17.448014432151847,5943.0
2024-01-23,0.7804134307525402,17.97681917741543,5866.0
2024-01-24,0.3352935553547281,16.923100515358083,5876.0
2024-01-25,--,17.17218298088352,5888.0
2024-01-26,0.2267749125731058,17.34676784144197,5860.0
2024-01-27,0.518426988474847,17.461019538646926,5887.0
2024-01-28,0.6569746634570712,18.007556201631896,5883.0
2024-01-29,0.2846998894351652,18.4315507198333,5921.0
2024-01-30,0.5559497863699936,17.06568592607636,5979.0
2024-01-31,0.3891803200910931,17.600862350634802,6007.0
2024-02-01,0.09644357974712665,18.37320816075589,6032.0
2024-02-02,0.5095955256300052,17.547425881410255,6023.0
2024-02-03,0.5144774703256975,--,6017.0
2024-02-04,0.6916661195728291,19.602206691539617,6022.0
2024-02-05,0.22851362353485127,17.830570665642348,5985.0
2024-02-06,0.3983978653636516,17.857803602830348,5945.0
2024-02-07,0.3826200580413335,18.2523531297354,5942.0
2024-02-08,0.2796236033691792,18.547520614353026,5952.0
2024-02-09,0.5029553865131579,18.235791418617236,5977.0
2024-02-10,1.1087330243365738,18.80428483087897,5958.0
2024-02-11,0.8286420606767215,18.519937749588912,5890.0
2024-02-12,0.5532752892338532,19.35685528045574,5838.0
2024-02-13,--,19.445116031804734,5802.0
2024-02-14,0.9257461967635927,17.64320031163435,5779.0
2024-02-15,0.7669703044009171,17.91639023280322,5801.0
2024-02-16,,17.947642999213148,5776.0
2024-02-17,0.27569377942308665,18.82160525479547,5754.0
2024-02-18,1.7264594967668794,19.649993113982372,5797.0
2024-02-19,2.9862704963562035,18.54532377725737,5843.0
2024-02-20,0.2631083607824352,19.30454047107342,5857.0
2024-02-21,1.0535503472222223,18.828656331148757,5846.0
2024-02-22,1.7345847600623021,19.420170062154696,5823.0
2024-02-23,0.6913199715848022,18.28875150784077,5872.0
2024-02-24,0.8613169598755269,19.656438654119317,5889.0
2024-02-25,1.1425316941926495,19.258132064047363,5869.0
2024-02-26,0.49545710694556144,16.936779992055083,5850.0
2024-02-27,0.941681755775946,18.33103637197608,5868.0
2024-02-28,1.082923584677038,21.62117745535714,5869.0
2024-02-29,0.2792666693282679,17.798809030202513,5879.0
2024-03-01,0.6235105163214887,18.25739427194861,5892.0
2024-03-02,0.4458158822215321,17.722787225305844,5921.0
2024-03-03,0.7030119221304862,19.576509344225606,5922.0
2024-03-04,1.0795525432543651,18.758443861813696,5863.0
2024-03-05,0.7392354462559488,18.397484038099226,5842.0
2024-03-06,0.8676543084603191,18.006091921885755,5862.0
2024-03-07,0.6837515133863304,17.915030066530193,5899.0
2024-03-08,0.9664282562201135,18.766412760416667,5920.0
2024-03-09,1.4953543273593466,19.895086298237786,5936.0
2024-03-10,1.2089103720343484,20.581237458956586,5945.0
2024-03-11,1.2145426742629803,21.46542174796748,5961.0
2024-03-12,--,22.32243404664855,5970.0
2024-03-13,0.672253872485871,18.075441248276654,5968.0
2024-03-14,1.672428275443412,17.2228515625,5947.0
2024-03-15,1.298012314258167,17.615086511299435,5963.0
2024-03-16,1.4644663647584735,18.492825345499647,5981.0
2024-03-17,0.722906613746869,18.323606618402135,5990.0
2024-03-18,0.8896488499693783,19.014275332225914,5971.0
2024-03-19,0.14535186719443144,18.916246163833804,5967.0
2024-03-20,0.9670404884985883,17.312286994283202,5953.0
2024-03-21,1.6702064338576466,17.83530472145397,5907.0
2024-03-22,1.4762649448739977,17.64531828397673,5919.0
2024-03-23,--,17.304163013527056,5946.0
2024-03-24,--,17.735676203547296,5777.0
2024-03-25,--,18.028909638320943,5672.0
2024-03-26,0.6356204275883625,18.132898679465423,5796.0
2024-03-27,0.7335415759436525,17.343347487319807,5816.0
2024-03-28,1.2445210415517154,17.538883188138715,5795.0
2024-03-29,0.841534933547307,17.5112365416744,5841.0
2024-03-30,0.836157059399203,17.88946425712456,5856.0
2024-03-31,1.8090828560494088,17.879636010045328,5878.0
2024-04-01,0.25600362561412693,19.974600423923007,5872.0
2024-04-02,0.25885189505746786,17.457901532154636,5918.0
2024-04-03,0.8919096573539402,17.34454848167133,5938.0
2024-04-04,0.9252356730269989,16.088422705564785,5959.0
2024-04-05,1.3261927253540304,17.439825959907946,5957.0
2024-04-06,0.8448067289692849,16.96966354047687,5951.0
2024-04-07,0.5764887025650414,16.86628515625,5922.0
2024-04-08,0.19332794838763298,17.140076993884175,5903.0
2024-04-09,0.26698621785514826,16.640674661257947,5920.0
2024-04-10,0.758987685381356,16.786449458373905,5928.0
2024-04-11,0.7443227505465166,17.58166697668651,5949.0
2024-04-12,0.657319404709507,16.697327044025158,5961.0
2024-04-13,0.671769258039677,17.113850565159574,5960.0
2024-04-14,1.2579773371992344,16.78882408038147,5912.0
2024-04-15,0.5541929303464538,16.985228466386555,5914.0
2024-04-16,0.9798165990066112,17.045049049805854,5869.0
2024-04-17,0.6021944695287645,17.199552110602095,5875.0
2024-04-18,0.6469850784693009,18.49628155048077,5882.0
2024-04-19,1.0655687667600362,16.24361124067164,5891.0
2024-04-20,1.2195093442315925,16.843134852265525,5885.0
2024-04-21,1.5259390965738444,17.015853707901556,5916.0
2024-04-22,0.9068660570598936,16.627799448843348,5865.0
2024-04-23,0.13893020769020706,16.868969468614047,5869.0
2024-04-24,0.3511246901292067,16.471130008769563,5884.0
2024-04-25,0.5050597235095411,16.359663096529285,5880.0
2024-04-26,0.6928342048771984,15.993436627791068,5903.0
2024-04-27,0.8180799287774861,16.272365631266712,5899.0
2024-04-28,2.422892578125,17.048522818522486,5945.0
2024-04-29,1.3879160303978404,16.24816687297898,5934.0
2024-04-30,0.5231406332064076,15.86170634534558,5949.0
2024-05-01,1.5672737333712847,15.83933350372865,5931.0
2024-05-02,0.9211941234587712,15.91103458551215,5949.0
2024-05-03,1.573326421800948,15.716820968149646,5934.0
2024-05-04,1.4777700702681256,15.81979511589404,5938.0
2024-05-05,1.0502938493822893,16.08068739202863,5935.0
2024-05-06,1.627498404061284,15.827138381237976,5952.0
2024-05-07,1.1461861475650523,15.87605094259189,5959.0
2024-05-08,2.6138458647724594,15.617179001554002,5975.0
2024-05-09,1.679830662375135,15.76509220747972,5950.0
2024-05-10,1.1915489315152494,15.743310302662548,5871.0
2024-05-11,1.67357490369288,15.633392754594182,5416.0
2024-05-12,1.17349483784926,15.60748865146147,5479.0
2024-05-13,3.8000789333034204,15.474201199795779,5632.0
2024-05-14,1.5068370494765309,15.602124689826303,5716.0
2024-05-15,0.799656849987102,16.06045548546123,5720.0
2024-05-16,1.4171242760980747,15.664360730593607,5727.0
2024-05-17,0.9890999900471171,16.028083197231297,5755.0
2024-05-18,1.3916980198451452,15.562213869762672,5691.0
2024-05-19,0.40665443630847753,15.712999636627908,5685.0
2024-05-20,0.5782904991736779,15.091683444872958,5762.0
2024-05-21,0.8943936252736121,15.452341492052023,5749.0
2024-05-22,1.916378287381904,14.652609609458736,5757.0
2024-05-23,0.20874379810534024,13.881550755994073,5745.0
2024-05-24,0.7097705563172599,--,5765.0
2024-05-25,--,15.618134256126899,5811.0
2024-05-26,0.7175409130199195,15.616252083964838,5835.0
2024-05-27,--,15.504610802965859,5831.0
2024-05-28,1.9897269378002402,15.652121212121212,5795.0
2024-05-29,1.5423646270151166,15.456389204545454,5784.0
2024-05-30,--,--,5815.0
2024-05-31,0.5396998510284015,15.153740875912408,5856.0
2024-06-01,--,14.994872144083466,5842.0
2024-06-02,1.7064739115721028,15.191590371860006,5825.0
2024-06-03,--,13.98661828574281,5848.0
2024-06-04,--,14.3608798828125,5842.0
2024-06-05,0.9410726539530504,14.985534748938711,5854.0
2024-06-06,--,14.777476045436918,5816.0
2024-06-07,1.6986474978818569,14.772979100946372,5852.0
2024-06-08,1.375855722735005,13.062336711140421,5889.0
2024-06-09,0.49898927543419863,14.964842056049436,5903.0
2024-06-10,--,14.56944908902214,5906.0
2024-06-11,--,--,5900.0
2024-06-12,3.2480178460842226,15.091747108292356,5924.0
2024-06-13,--,--,5945.0
2024-06-14,1.8157671347431752,14.614168152915633,5948.0
2024-06-15,0.7518585423233966,15.223173088446789,5934.0
2024-06-16,1.3847764730453491,14.926791457193554,5832.0
2024-06-17,4.431955617624563,14.594095597618034,5834.0
2024-06-18,--,14.721284043910595,5864.0
2024-06-19,1.6323030398843066,15.090894033394608,5907.0
2024-06-20,0.9422715881560322,14.911455609309623,5940.0
2024-06-21,1.6109181465554971,14.641203508919556,5962.0
2024-06-22,1.492884867376112,14.175700653370013,5982.0
2024-06-23,--,14.105787481705086,5997.0
2024-06-24,0.6273893739003024,14.132015129882094,5973.0
2024-06-25,--,14.529941348781,5960.0
2024-06-26,0.6429954752263664,14.56625733917631,5933.0
2024-06-27,2.6076072410300926,14.528603324334505,5891.0
2024-06-28,--,13.648831160945596,5890.0
2024-06-29,0.48063134199736135,14.062830807714617,5868.0
2024-06-30,--,14.076730289505837,5915.0
2024-07-01,0.5633966133621532,14.380920288652954,5934.0
2024-07-02,1.8671500044770775,14.180126236439056,5979.0
2024-07-03,1.40855943165251,13.937104549563122,6014.0
2024-07-04,0.6961422211762667,14.346415917932568,5982.0
2024-07-05,--,14.359093022454884,5959.0
2024-07-06,1.1271890735052628,14.403384511094552,5982.0
2024-07-07,0.18178618132178462,14.502483505772979,5969.0
2024-07-08,--,11.070126304143592,5963.0
2024-07-09,1.5396142558802435,14.05764391926325,5986.0
2024-07-10,--,14.119993048199152,5999.0
2024-07-11,0.537998188405797,--,5982.0
2024-07-12,1.3100903495114857,14.13497232033691,5976.0
2024-07-13,0.7542964023895186,14.229174449010086,5988.0
2024-07-14,0.9336126023311583,14.066727022977023,5992.0
2024-07-15,--,14.088151041666666,6004.0
2024-07-16,0.5501491670104877,14.60697617641715,6018.0
2024-07-17,0.9379871223546281,13.772789126536885,6013.0
2024-07-18,--,13.626831956240768,6030.0
2024-07-19,0.4441661834716797,--,6046.0
2024-07-20,--,13.535955275103916,6036.0
2024-07-21,0.9193090121520013,13.404846977909592,6017.0
2024-07-22,1.1884327938682155,13.51544642101253,6017.0
2024-07-23,1.0497619713325552,13.114972840665237,6031.0
2024-07-24,1.7256099446614583,15.035178048270089,5943.0
2024-07-25,1.5375791796210672,14.059787652725564,5960.0
2024-07-26,1.3200800623665163,13.764605598979104,5950.0
2024-07-27,2.067695507104846,13.822681060745937,5960.0
2024-07-28,0.6601863291453526,13.499514502565564,5979.0
2024-07-29,1.081065058708191,13.225456254585474,5976.0
2024-07-30,0.7174155052672041,13.789383493994944,5898.0
2024-07-31,1.0436034511228534,13.956742104397412,5886.0
2024-08-01,2.031637470373947,14.200459135844554,5743.0
2024-08-02,0.2851578711654952,13.950221430609915,5755.0
2024-08-03,1.084394969146745,13.203548903397566,5775.0
2024-08-04,0.930272102355957,13.420906056631692,5790.0
2024-08-05,0.6320033746083127,13.616749378999662,5857.0
2024-08-06,--,12.844134922445255,5879.0
2024-08-07,0.9869274830957603,13.597439443066946,5893.0
2024-08-08,1.390827226758302,13.104700506137133,5900.0
2024-08-09,1.178840582789096,13.034843580224557,5877.0
2024-08-10,0.8686316489262476,13.737214691384484,5901.0
2024-08-11,0.9223625270020757,13.94231271427041,5738.0
2024-08-12,1.4080377447715937,14.32307371311652,5688.0
2024-08-13,--,13.244404782761038,5730.0
2024-08-14,0.5965044155532732,14.180420353982301,5818.0
2024-08-15,8.522285587879834,13.950473694056443,5806.0
2024-08-16,0.32682614210175304,--,5847.0
2024-08-17,0.5805391824319551,13.599991688829787,5849.0
2024-08-18,1.3148622820454259,--,5838.0
2024-08-19,0.7004405898829245,13.966607700790297,5863.0
2024-08-20,0.5067312118581649,13.697747637303852,5890.0
2024-08-21,0.6072715189919543,13.77042030451448,5947.0
2024-08-22,1.1855944566379422,13.833789728856168,5940.0
2024-08-23,0.3359910420009068,13.721764059627757,5882.0
2024-08-24,0.5358345284734853,14.567887623621148,5908.0
2024-08-25,0.8011303458160322,14.702255023967552,5884.0
2024-08-26,0.6255399021001293,14.032931150753257,5917.0
2024-08-27,0.9893641810611872,14.55537707544735,5907.0
2024-08-28,--,13.966162931772766,5904.0
2024-08-29,1.0298673189603365,14.11491935483871,5871.0
2024-08-30,1.6866156536599863,14.054062820936032,5839.0
2024-08-31,0.9232309441817435,13.970288923182443,5862.0
2024-09-01,1.1515485130159338,14.500998033548143,5913.0
2024-09-02,0.5419206619262695,13.816517605963991,5937.0
2024-09-03,0.7517595780743647,13.605378675057647,5911.0
2024-09-04,--,14.334889389861825,5910.0
2024-09-05,0.629960854848226,14.092277847079542,5778.0
2024-09-06,0.2555351300623847,14.898570667613637,5710.0
2024-09-07,0.6404257899113082,14.02407627532883,5666.0
2024-09-08,0.400284914960274,13.929833776595745,5684.0
2024-09-09,--,14.103763988998482,5650.0
2024-09-10,0.8920252543376631,13.885166952054794,5646.0
2024-09-11,0.7440106327203171,14.386171032357472,5687.0
2024-09-12,0.34172118757559167,13.796536617447387,5671.0
2024-09-13,0.9908265159846724,14.267700501253133,5644.0
2024-09-14,--,13.045670294693732,5661.0
2024-09-15,1.2647563433282132,14.08857464272793,5677.0
2024-09-16,0.9944244046932657,14.285236332574032,5679.0
2024-09-17,0.8290742686097051,14.131966520713371,5547.0
2024-09-18,0.957998526099143,14.310291666666666,5563.0
2024-09-19,--,14.017132710015137,5572.0
2024-09-20,0.6019748515353418,13.703718760259356,5631.0
2024-09-21,0.7045765982733833,14.123058661099138,5664.0
2024-09-22,0.4793140250192562,13.903660996835443,5663.0
2024-09-23,0.24600370228290558,14.260920083598727,5684.0
2024-09-24,--,9.804999033610025,5731.0
2024-09-25,0.47297526195722905,14.674512084503744,5704.0
2024-09-26,0.7047492501016811,13.98747308287339,5725.0
2024-09-27,0.6817005639052203,14.042773413384369,5749.0
2024-09-28,--,14.364686859631147,5786.0
2024-09-29,0.41921149155295034,14.027235139022052,5800.0
2024-09-30,0.6351648228246389,13.805076045825016,5808.0
2024-10-01,0.5722062957953222,14.102920796921874,5788.0
2024-10-02,0.6379255750329313,14.251594155647215,5774.0
2024-10-03,--,14.724925438240545,5776.0
2024-10-04,0.2807974938118812,14.797065896894267,5750.0
2024-10-05,0.6546627158405445,13.988446514423076,5780.0
2024-10-06,--,14.131876508078053,5638.0
2024-10-07,0.48331323168039414,14.853435371941366,5492.0
2024-10-08,0.5268527429982872,14.13533504583087,5516.0
2024-10-09,0.5685475803158384,14.662370527306967,5530.0
2024-10-10,0.6356089111363309,14.578370713792575,5479.0
2024-10-11,0.4157728354136149,14.20143034725798,5091.0
2024-10-12,0.4885496386738873,13.923721810115039,5281.0
2024-10-13,0.35382892013689793,13.975113157242063,5374.0
2024-10-14,0.7057047593465203,14.739776850507983,5484.0
2024-10-15,0.4670313875440141,13.523955876572327,5605.0
2024-10-16,0.3053452570635573,15.36660648901546,5644.0
2024-10-17,--,15.47349535517332,5654.0
2024-10-18,0.3446820152297704,16.532363050565944,5669.0
2024-10-19,0.4205896659920223,14.576897631041028,5647.0
2024-10-20,0.4524758025554542,15.345284618129908,5682.0
2024-10-21,0.23901254445435063,15.388148546606041,5707.0
2024-10-22,0.5335060379548159,15.533578017887747,5747.0
2024-10-23,0.21904306925699382,14.225459939883914,5770.0
2024-10-24,0.60248937591569,14.699170383554705,5788.0
2024-10-25,0.3418376667658885,15.129183701488895,5788.0
2024-10-26,--,14.612850614010606,5799.0
2024-10-27,0.46095599181532787,15.208306027362827,5656.0
2024-10-28,0.13955445622288903,14.645184675091523,5522.0
2024-10-29,0.48430768667222546,14.888767714791852,5383.0
2024-10-30,0.3704625674367204,16.06073013678696,5332.0
2024-10-31,--,15.275817315507153,5262.0
2024-11-01,0.3557365162600919,16.720193829113924,5261.0
2024-11-02,--,14.828885636543536,5302.0
2024-11-03,0.3550172152880825,14.846447470142888,5348.0
2024-11-04,0.3033487149337172,15.261800888029438,5468.0
2024-11-05,0.16422638090530245,15.167905508216677,5551.0
2024-11-06,0.3305507303421011,16.60054537521815,5608.0
2024-11-07,--,15.686309077639262,5612.0
2024-11-08,0.41057244849321867,15.445831262882804,5577.0
2024-11-09,0.31815886144972033,15.877909559346126,5622.0
2024-11-10,0.2697064112691046,15.210166309012875,5632.0
2024-11-11,0.27050594641215386,15.09806145124384,5605.0
2024-11-12,0.22437098930621968,16.541194772996835,5642.0
2024-11-13,0.4802914548955637,15.156207416142557,5626.0
2024-11-14,0.403632898480943,17.76683530362576,5640.0
2024-11-15,1.3780937194824219,17.08603671014382,5629.0
2024-11-16,0.29314746856689455,16.969628068618754,5668.0
2024-11-17,--,15.453987309928443,5700.0
2024-11-18,0.6187830469629786,15.21560926755894,5684.0
2024-11-19,0.39849497767857145,18.000099981398808,5700.0
2024-11-20,0.49239877859751385,17.342624080882352,5739.0
2024-11-21,0.35844117074235327,16.025885025062657,5736.0
2024-11-22,--,16.268950257120252,5703.0
2024-11-23,0.09241262823343277,19.190355573381698,5758.0
2024-11-24,--,15.084284319196428,5771.0
2024-11-25,0.48105520672268337,16.943333943684895,5710.0
2024-11-26,0.40398058683975885,17.08171427052964,5722.0
2024-11-27,--,17.628817516405856,5755.0
2024-11-28,0.8219601313273112,18.10658023231908,5717.0
2024-11-29,0.23205932001448218,17.479871879727686,5573.0
2024-11-30,--,16.311216269473295,5482.0
2024-12-01,0.41287807088949807,17.415842319542254,5510.0
2024-12-02,--,18.24936333592535,5580.0
2024-12-03,0.3688422281001395,17.273304513731276,5643.0
2024-12-04,0.17842822639825626,16.866678534910896,5649.0
2024-12-05,0.2614900618433748,17.798119891008174,5624.0
2024-12-06,0.2330982408238532,19.568988618396578,5608.0
2024-12-07,--,18.998530804367203,5639.0
2024-12-08,0.26872430644697237,17.140694486177885,5641.0
2024-12-09,0.1473316942524706,16.42486407305743,5639.0
2024-12-10,0.502061470267699,18.465513079353933,5633.0
2024-12-11,0.4729652878072658,18.514051536512476,5680.0
2024-12-12,--,19.545655153508772,5726.0
2024-12-13,0.3933530327490775,18.742595910623947,5721.0
2024-12-14,0.15322374368642833,18.731771249600385,5741.0
2024-12-15,0.26876864682872764,17.978278815759765,5753.0
2024-12-16,0.42475232725989076,18.644004911381593,5732.0
2024-12-17,--,17.845906466898025,5690.0
2024-12-18,0.3670250332686756,17.35719093116554,5705.0
2024-12-19,0.2313455581665039,18.10829281469476,5704.0
2024-12-20,0.27020029431231896,18.709683460634547,5739.0
2024-12-21,0.44430593394221773,17.24605850333464,5724.0
2024-12-22,--,17.92207481278802,5640.0
2024-12-23,0.38896768104495966,17.456680210325047,5598.0
2024-12-24,0.251912558951029,19.2175076987682,5583.0
2024-12-25,0.3771453679994095,18.371746268656718,5535.0
2024-12-26,0.12961752323117545,18.072494221090825,5571.0
2024-12-27,--,17.712360110015176,5588.0
2024-12-28,0.29832734129520994,18.341416943177105,5594.0
2024-12-29,0.48235959139737217,18.111763327780093,5587.0
2024-12-30,0.2527008439066416,17.749898513614788,5611.0
2024-12-31,0.3009106980115136,18.08978788942799,5638.0
2025-01-01,--,18.821973361713106,5509.0
2025-01-02,0.31973155546777576,17.538448153409092,5467.0
2025-01-03,0.37752295481331555,18.29475046958155,5514.0
2025-01-04,0.41156870452752453,19.303129339182025,5530.0
2025-01-05,0.13110286693282538,19.12754929259482,5557.0
2025-01-06,--,17.53937469908522,5558.0
2025-01-07,0.4075376586736273,18.35245932818352,5593.0
2025-01-08,0.26587882041931155,18.41457672190879,5610.0
2025-01-09,0.4402576420931208,17.79531032986111,5665.0
2025-01-10,0.3665389080848908,19.03459367550133,5743.0
2025-01-11,--,20.03315635205007,5775.0
2025-01-12,0.3586767165714238,19.619430608624455,5781.0
2025-01-13,0.18811560950291248,19.89138195629503,5751.0
2025-01-14,0.4048552216843132,20.02957083042568,5773.0
2025-01-15,0.23863790952905925,19.02848620292468,5786.0
2025-01-16,--,18.797269842637263,5779.0
2025-01-17,0.2970534981762724,20.225172413793103,5743.0
2025-01-18,0.12020356776350635,19.328288925384843,5751.0
2025-01-19,0.20956012348202224,21.379552682522124,5783.0
2025-01-20,0.42856317228486884,21.606831509760706,5804.0
2025-01-21,--,21.31132996138348,5771.0
2025-01-22,0.33939425612202295,20.26312805303559,5752.0
2025-01-23,0.22090692105500595,20.18017370598057,5759.0
2025-01-24,0.4856875992513612,18.94985127609732,5759.0
2025-01-25,0.4244372309470663,20.11975441733277,5728.0
2025-01-26,0.7797201405400815,20.168967225609755,5774.0
2025-01-27,0.3759122617416724,20.150784842871744,5822.0
2025-01-28,0.36467207332053636,18.671374746707194,5789.0
2025-01-29,0.532236284543426,21.14052753119002,5792.0
2025-01-30,--,20.22906291304758,5802.0
2025-01-31,0.10463634125173908,20.45575669485553,5759.0
2025-02-01,0.3506187993153864,19.598637676168273,5696.0
2025-02-02,0.11865460482510654,19.821321659425664,5657.0
2025-02-03,0.4916840404263808,20.834315873678353,5592.0
2025-02-04,0.3000360415587321,20.547682382060586,5638.0
2025-02-05,0.16273146205478245,20.381563853068524,5632.0
2025-02-06,0.42909796858834615,19.875212034295583,5684.0
2025-02-07,0.11123213704427083,19.757618012336074,5751.0
2025-02-08,0.9226468589244471,20.573096408507222,5801.0
2025-02-09,0.7408620245445708,20.96496367872807,5802.0
2025-02-10,0.9198673793247768,19.353853117937128,5776.0
2025-02-11,0.3714666766982291,19.902881981660116,5798.0
2025-02-12,0.5312157435432735,20.451567015895954,5837.0
2025-02-13,0.5300343760362852,19.908995052676538,5875.0
2025-02-14,0.4283531722961082,19.360947896544324,5878.0
2025-02-15,--,19.04402212078652,5826.0
2025-02-16,0.43347061976427786,18.33169595665962,5783.0
2025-02-17,1.3253139825252438,18.970548240570377,5792.0
2025-02-18,0.6332665967925757,18.991708197923273,5808.0
2025-02-19,0.6677092179008152,20.986243451950866,5757.0
2025-02-20,0.22940416605671637,21.05696936881188,5738.0
2025-02-21,0.5531090116661406,18.983279893449094,5744.0
2025-02-22,0.42929055700340424,18.905648133204217,5770.0
2025-02-23,0.48050923827703795,18.810982056549058,5790.0
2025-02-24,0.5948526860602864,19.001457966549296,5773.0
2025-02-25,0.32340706552571863,19.657746319731405,5762.0
2025-02-26,0.48713170327631666,19.465921747223238,5738.0
2025-02-27,--,18.767621527777777,5723.0
2025-02-28,0.37880755844520625,18.27603004092262,5728.0
2025-03-01,0.519102535062244,19.19816585741355,5691.0
2025-03-02,0.23267489079132356,20.849999291061707,5718.0
2025-03-03,0.3955036809674133,19.096365352348993,5730.0
2025-03-04,0.3666594022566577,19.212524997561214,5770.0
2025-03-05,0.8127632639115535,19.910037168915544,5751.0
2025-03-06,0.8742160034179688,18.952987430491195,5778.0
2025-03-07,0.428867624766791,19.677426452735514,5756.0
2025-03-08,0.4808931310572799,20.201060892058166,5751.0
2025-03-09,0.5092747853901571,21.151575609596225,5771.0
2025-03-10,0.5245518363777691,20.78525615567911,5749.0
2025-03-11,0.14654434558957122,19.926802726675426,5714.0
2025-03-12,0.48322818441630266,19.793872709424083,5725.0
2025-03-13,0.5248516353424424,22.04133112980769,5782.0
2025-03-14,0.49358500049100906,19.76512501475971,5750.0
2025-03-15,0.8039579169694767,21.627239756176255,5695.0
2025-03-16,0.2556894544738432,16.64907126913265,5763.0
2025-03-17,0.4034216111276076,18.68117063905079,5770.0
2025-03-18,0.6637104100243811,19.705592991913747,5763.0
2025-03-19,0.39809945913461536,19.07024599316868,5739.0
2025-03-20,0.2644471546147494,20.34264729469632,5760.0
2025-03-21,1.3728785561615566,18.13934051238739,5728.0
2025-03-22,0.4565345466911019,19.275554147165888,5686.0
2025-03-23,0.579290647561231,19.156040580789277,5730.0
2025-03-24,0.33416063693459963,18.91635278514589,5668.0
2025-03-25,0.7167305583370608,19.036439363280724,5669.0
2025-03-26,0.7385208606719971,19.943214576259198,5715.0
2025-03-27,0.823666860722056,19.403869316971893,5723.0
2025-03-28,0.668640531221145,19.61656503536509,5724.0
2025-03-29,--,19.603276620108574,5751.0
2025-03-30,1.1747615745174766,18.086238971800793,5785.0
2025-03-31,1.1448391939472329,18.615056427195157,5796.0
2025-04-01,0.8890566866115059,,5656.0
2025-04-02,0.9946375024355859,18.35643949750881,5628.0
2025-04-03,0.09666091517398231,17.747104166666666,5639.0
2025-04-04,0.465296572257679,,5675.0
2025-04-05,1.4577964651141608,17.799750688634973,5687.0
2025-04-06,0.8103045827582808,17.829248281625603,5690.0
2025-04-07,0.8893410033299796,,5715.0
2025-04-08,1.692160932828849,18.0753173828125,5697.0
2025-04-09,1.1504907282175398,16.451479126806973,5691.0
2025-04-10,1.4112083077759126,18.0189420982575,5708.0
2025-04-11,0.9943821806534044,,5729.0
2025-04-12,1.995371744114204,18.227868578815773,5698.0
2025-04-13,1.304903604898108,18.59795799828632,5660.0
2025-04-14,0.9814349641852788,20.201538246064715,5697.0
2025-04-15,1.4125042474253007,19.061567275549187,5693.0
2025-04-16,1.172628955469645,18.970519895950506,5580.0
2025-04-17,2.018499009386241,18.72274635345997,5612.0
2025-04-18,--,19.017585695251938,5579.0
2025-04-19,0.21305101607546448,20.508880974264706,5646.0
2025-04-20,0.3482424020767212,18.150052521008405,5716.0
2025-04-21,--,19.672374071995858,5709.0
2025-04-22,0.5615795435298103,17.261738619023397,5723.0
2025-04-23,3.953705793656643,17.962240980418454,5742.0
2025-04-24,1.171527624130249,18.102915313852815,5763.0
2025-04-25,0.41067388403506677,17.105720132084215,5751.0
2025-04-26,1.307849972747093,18.21400417138009,5765.0
2025-04-27,0.5523959439919736,17.555211187816187,5783.0
2025-04-28,--,17.661241139797184,5776.0
2025-04-29,0.4807213065550499,17.938781611539603,5780.0
2025-04-30,1.961868676767428,18.048871376019815,5813.0
2025-05-01,2.8059811799422554,17.474656264427516,5814.0
2025-05-02,1.9787300531914893,18.111656902755836,5766.0
2025-05-03,--,17.444900778527874,5739.0
2025-05-04,0.5500437015766025,17.709039861505683,5730.0
2025-05-05,2.2158581769024885,18.141015119990303,5709.0
2025-05-06,7.41160265604655,17.598398620627478,5701.0
2025-05-07,0.770745750633446,17.76973045501172,5734.0
2025-05-08,--,17.566620170667665,5777.0
2025-05-09,3.2078858410298583,18.105121049579587,5771.0
2025-05-10,1.5687357584635417,18.13247660092913,5751.0
2025-05-11,1.4242793703542171,17.582898596194255,5740.0
2025-05-12,1.757502330209593,17.600112038058466,5643.0
2025-05-13,--,17.53568148168458,5653.0
2025-05-14,0.8636408794829108,17.690117851622876,5705.0
2025-05-15,--,17.012787074128813,5752.0
2025-05-16,0.29567739698621964,17.298225759345794,5800.0
2025-05-17,0.6975023150444031,18.01305114959255,5811.0
2025-05-18,--,17.156727873030583,5827.0
2025-05-19,2.762206492308223,16.237354459578206,5826.0
2025-05-20,--,17.535260637933398,5802.0
2025-05-21,2.89371829562717,16.849292593328038,5813.0
2025-05-22,3.2314312496311377,17.211411654874215,5815.0
2025-05-23,--,17.140680718288333,5791.0
2025-05-24,8.026128953503024,16.69897154996867,5777.0
2025-05-25,--,16.84640037141941,5768.0
2025-05-26,--,16.738394780414094,5749.0
2025-05-27,2.1596914592542147,17.00611126612103,5743.0
2025-05-28,--,--,5727.0
2025-05-29,0.983866355645519,15.866430429562433,5703.0
2025-05-30,--,16.250339149365132,5668.0
2025-05-31,--,16.1505052278402,5671.0
2025-06-01,1.9856491088867188,16.904783638906153,5325.0
2025-06-02,--,16.54541524251302,4944.0
2025-06-03,0.914790289742606,16.29019731966403,5069.0
2025-06-04,--,16.48521782635468,5221.0
2025-06-05,--,16.145284215998043,5347.0
2025-06-06,--,16.630742955374128,5404.0
2025-06-07,--,15.692181669776119,5510.0
2025-06-08,--,15.750370769091784,5506.0
2025-06-09,--,15.364667338709678,5626.0
2025-06-10,--,15.730451491163477,5742.0
2025-06-11,4.700125630696615,15.524120438338926,5766.0
2025-06-12,--,15.908480681074002,5721.0
2025-06-13,4.0418650366458095,15.833594267269918,5648.0
2025-06-14,--,16.26584811913896,5749.0
2025-06-15,--,15.522554544694605,5747.0
2025-06-16,4.7045831298828125,14.911849183607266,5749.0
2025-06-17,--,15.661215134297521,5725.0
2025-06-18,--,15.6890358505386,5714.0
2025-06-19,--,14.078099413209607,5706.0
2025-06-20,--,15.72226826006048,5626.0
2025-06-21,3.425414585269517,15.979196821057146,5611.0
2025-06-22,--,16.05062593522873,5615.0
2025-06-23,1.861663023630778,15.32763126204239,5608.0
2025-06-24,--,15.02574971121109,5618.0
2025-06-25,--,15.04712276617166,5621.0
2025-06-26,0.7359802650300082,14.875273227325135,5631.0
2025-06-27,--,14.693873148845382,5612.0
2025-06-28,--,15.314753441930208,5616.0
2025-06-29,9.100236960018382,15.630427295918368,5637.0
2025-06-30,--,15.199144518644676,5660.0
2025-07-01,2.6104405943061617,14.947691623544632,5659.0
2025-07-02,--,,5673.0
2025-07-03,--,,5691.0
2025-07-04,0.6537853717803955,,5703.0
2025-07-05,--,,5699.0
2025-07-06,3.5985558143028844,,5705.0
2025-07-07,--,,5729.0
2025-07-08,--,,5760.0
2025-07-09,--,,5786.0
2025-07-10,--,,5785.0
2025-07-11,--,,5770.0
2025-07-12,--,,5754.0
2025-07-13,--,,5755.0
2025-07-14,0.4855945681737474,,5758.0
2025-07-15,--,,5711.0
2025-07-16,--,,5689.0
2025-07-17,3.566260768942637,,5705.0
2025-07-18,--,,5700.0
2025-07-19,1.8062859973768248,,5691.0
2025-07-20,--,,5683.0
2025-07-21,1.1565451882102273,,5687.0
2025-07-22,1.3763627388343853,,5681.0
2025-07-23,--,,5688.0
2025-07-24,0.7048316468583776,,5696.0
2025-07-25,--,,5693.0
2025-07-26,--,,5674.0
